ISO-10303-21;
HEADER;
FILE_DESCRIPTION (( 'STEP AP214' ),
    '1' );
FILE_NAME ('AO3400-5.8A.STEP',
    '2022-09-22T19:49:36',
    ( '' ),
    ( '' ),
    'SwSTEP 2.0',
    'SolidWorks 2017',
    '' );
FILE_SCHEMA (( 'AUTOMOTIVE_DESIGN' ));
ENDSEC;

DATA;
#1 = ADVANCED_FACE ( 'NONE', ( #1343 ), #723, .F. ) ;
#2 = ORIENTED_EDGE ( 'NONE', *, *, #742, .T. ) ;
#3 = VERTEX_POINT ( 'NONE', #837 ) ;
#4 = SURFACE_SIDE_STYLE ('',( #1391 ) ) ;
#5 = VERTEX_POINT ( 'NONE', #683 ) ;
#6 = DIRECTION ( 'NONE',  ( -0.0000000000000000000, -0.0000000000000000000, -1.000000000000000000 ) ) ;
#7 = CARTESIAN_POINT ( 'NONE',  ( 0.7500000000000000000, 0.9000000000000000200, 1.450000000000000000 ) ) ;
#8 = DIRECTION ( 'NONE',  ( 0.0000000000000000000, 1.000000000000000000, 0.0000000000000000000 ) ) ;
#9 = CARTESIAN_POINT ( 'NONE',  ( -0.9369013182964971400, 0.9000000000000000200, 1.162500000000000100 ) ) ;
#10 = PRESENTATION_LAYER_ASSIGNMENT (  '', '', ( #162 ) ) ;
#11 = PRESENTATION_STYLE_ASSIGNMENT (( #135 ) ) ;
#12 = ADVANCED_FACE ( 'NONE', ( #139 ), #1691, .F. ) ;
#13 = CARTESIAN_POINT ( 'NONE',  ( 0.6375673322380867000, 0.1000000000000000500, -1.450000000000000000 ) ) ;
#14 = FACE_OUTER_BOUND ( 'NONE', #1013, .T. ) ;
#15 = DIRECTION ( 'NONE',  ( -0.9961946980917457700, -0.08715574274765487700, 0.0000000000000000000 ) ) ;
#16 = CARTESIAN_POINT ( 'NONE',  ( 1.210136732111000600, 0.1673294202968756100, 0.2125000000000001300 ) ) ;
#17 = DIRECTION ( 'NONE',  ( 0.0000000000000000000, 0.0000000000000000000, 1.000000000000000000 ) ) ;
#18 = LINE ( 'NONE', #1663, #1144 ) ;
#19 = VECTOR ( 'NONE', #864, 1000.000000000000000 ) ;
#20 = CARTESIAN_POINT ( 'NONE',  ( 0.9468039989839128800, 0.8913917310096005600, 0.2125000000000001300 ) ) ;
#21 = EDGE_CURVE ( 'NONE', #600, #1770, #216, .T. ) ;
#22 = ADVANCED_FACE ( 'NONE', ( #894 ), #339, .F. ) ;
#23 = EDGE_CURVE ( 'NONE', #189, #1333, #118, .T. ) ;
#24 = DIRECTION ( 'NONE',  ( -0.9961946980917456600, 0.08715574274765766600, 0.0000000000000000000 ) ) ;
#25 = ORIENTED_EDGE ( 'NONE', *, *, #984, .F. ) ;
#26 = ORIENTED_EDGE ( 'NONE', *, *, #1248, .F. ) ;
#27 = APPLICATION_CONTEXT ( 'automotive_design' ) ;
#28 = VERTEX_POINT ( 'NONE', #194 ) ;
#29 = AXIS2_PLACEMENT_3D ( 'NONE', #624, #1148, #1724 ) ;
#30 = ORIENTED_EDGE ( 'NONE', *, *, #648, .F. ) ;
#31 = ORIENTED_EDGE ( 'NONE', *, *, #1147, .F. ) ;
#32 = DIRECTION ( 'NONE',  ( 0.0000000000000000000, 0.0000000000000000000, 1.000000000000000000 ) ) ;
#33 = CARTESIAN_POINT ( 'NONE',  ( 1.095344209295148600, 0.9122676961536098100, -0.2124999999999999100 ) ) ;
#34 = FILL_AREA_STYLE_COLOUR ( '', #893 ) ;
#35 = ADVANCED_FACE ( 'NONE', ( #246 ), #1553, .F. ) ;
#36 = SURFACE_STYLE_FILL_AREA ( #782 ) ;
#37 = VECTOR ( 'NONE', #1623, 1000.000000000000000 ) ;
#38 = FACE_OUTER_BOUND ( 'NONE', #756, .T. ) ;
#39 = CIRCLE ( 'NONE', #63, 0.1000000000000000500 ) ;
#40 = STYLED_ITEM ( 'NONE', ( #1756 ), #350 ) ;
#41 = CARTESIAN_POINT ( 'NONE',  ( -0.7289188747946412400, 1.050000000000000000, 1.162500000000000100 ) ) ;
#42 = FILL_AREA_STYLE ('',( #34 ) ) ;
#43 = DIRECTION ( 'NONE',  ( -0.0000000000000000000, -0.0000000000000000000, -1.000000000000000000 ) ) ;
#44 = LINE ( 'NONE', #539, #526 ) ;
#45 = CARTESIAN_POINT ( 'NONE',  ( -1.209265174683524100, 0.1573674733159582100, 1.162500000000000100 ) ) ;
#46 = LINE ( 'NONE', #479, #1035 ) ;
#47 = PLANE ( 'NONE',  #276 ) ;
#48 = EDGE_CURVE ( 'NONE', #905, #97, #356, .T. ) ;
#49 = EDGE_LOOP ( 'NONE', ( #1532, #1088, #639, #1287 ) ) ;
#50 = EDGE_CURVE ( 'NONE', #558, #973, #833, .T. ) ;
#51 = ORIENTED_EDGE ( 'NONE', *, *, #1587, .F. ) ;
#52 = EDGE_LOOP ( 'NONE', ( #1380, #933, #209, #382 ) ) ;
#53 = VERTEX_POINT ( 'NONE', #859 ) ;
#54 =( NAMED_UNIT ( * ) SI_UNIT ( $, .STERADIAN. ) SOLID_ANGLE_UNIT ( ) );
#55 = DIRECTION ( 'NONE',  ( -0.0000000000000000000, -0.0000000000000000000, -1.000000000000000000 ) ) ;
#56 = ORIENTED_EDGE ( 'NONE', *, *, #1481, .F. ) ;
#57 = ORIENTED_EDGE ( 'NONE', *, *, #740, .T. ) ;
#58 = DIRECTION ( 'NONE',  ( -0.9961946980917457700, -0.08715574274765486300, 0.0000000000000000000 ) ) ;
#59 = VECTOR ( 'NONE', #518, 1000.000000000000000 ) ;
#60 = CIRCLE ( 'NONE', #238, 0.009999999999999918700 ) ;
#61 = CARTESIAN_POINT ( 'NONE',  ( 1.095344209295148600, 0.9122676961536098100, 0.2125000000000001300 ) ) ;
#62 = EDGE_CURVE ( 'NONE', #434, #1093, #1073, .T. ) ;
#63 = AXIS2_PLACEMENT_3D ( 'NONE', #528, #936, #287 ) ;
#64 = DIRECTION ( 'NONE',  ( 0.08715574274765489100, -0.9961946980917458800, 0.0000000000000000000 ) ) ;
#65 = VECTOR ( 'NONE', #563, 1000.000000000000000 ) ;
#66 = CARTESIAN_POINT ( 'NONE',  ( 0.0000000000000000000, 1.399999999999999900, 1.379729582648803900 ) ) ;
#67 = DIRECTION ( 'NONE',  ( -0.0000000000000000000, -0.0000000000000000000, -1.000000000000000000 ) ) ;
#68 = CIRCLE ( 'NONE', #94, 0.1000000000000000500 ) ;
#69 = CARTESIAN_POINT ( 'NONE',  ( -0.5000000000000000000, 1.300000000000000000, -1.099999999999999900 ) ) ;
#70 = VERTEX_POINT ( 'NONE', #321 ) ;
#71 = ORIENTED_EDGE ( 'NONE', *, *, #23, .T. ) ;
#72 = ORIENTED_EDGE ( 'NONE', *, *, #623, .F. ) ;
#73 = ORIENTED_EDGE ( 'NONE', *, *, #530, .F. ) ;
#74 = AXIS2_PLACEMENT_3D ( 'NONE', #147, #1226, #141 ) ;
#75 = ORIENTED_EDGE ( 'NONE', *, *, #1273, .T. ) ;
#76 = CARTESIAN_POINT ( 'NONE',  ( -1.196191813271375400, 0.007938268602196506300, 1.162500000000000100 ) ) ;
#77 = CLOSED_SHELL ( 'NONE', ( #1508, #1682, #830, #1070, #1666, #12, #1, #783, #1628, #302, #800, #22, #654, #1111 ) ) ;
#78 = UNCERTAINTY_MEASURE_WITH_UNIT (LENGTH_MEASURE( 1.000000000000000100E-005 ), #1624, 'distance_accuracy_value', 'NONE');
#79 = VECTOR ( 'NONE', #1087, 1000.000000000000100 ) ;
#80 = FACE_OUTER_BOUND ( 'NONE', #488, .T. ) ;
#81 = PLANE ( 'NONE',  #376 ) ;
#82 = LINE ( 'NONE', #447, #944 ) ;
#83 = EDGE_CURVE ( 'NONE', #1571, #720, #1621, .T. ) ;
#84 = CARTESIAN_POINT ( 'NONE',  ( 0.7289188747946412400, 1.050000000000000000, -0.2124999999999999100 ) ) ;
#85 = EDGE_CURVE ( 'NONE', #601, #28, #1257, .T. ) ;
#86 = CARTESIAN_POINT ( 'NONE',  ( -0.5000000000000000000, 1.300000000000000000, -1.300000000000000000 ) ) ;
#87 = PRESENTATION_STYLE_ASSIGNMENT (( #1512 ) ) ;
#88 = VECTOR ( 'NONE', #733, 1000.000000000000000 ) ;
#89 = ORIENTED_EDGE ( 'NONE', *, *, #984, .T. ) ;
#90 = DIRECTION ( 'NONE',  ( 1.000000000000000000, 0.0000000000000000000, 0.0000000000000000000 ) ) ;
#91 = VERTEX_POINT ( 'NONE', #854 ) ;
#92 = VERTEX_POINT ( 'NONE', #185 ) ;
#93 = DIRECTION ( 'NONE',  ( 1.000000000000000000, 0.0000000000000000000, 0.0000000000000000000 ) ) ;
#94 = AXIS2_PLACEMENT_3D ( 'NONE', #1738, #1156, #1594 ) ;
#95 = CARTESIAN_POINT ( 'NONE',  ( -0.9369013182964971400, 0.8899999999999999000, 1.162500000000000100 ) ) ;
#96 = CARTESIAN_POINT ( 'NONE',  ( -0.7500000000000000000, 0.9000000000000000200, -1.162499999999999900 ) ) ;
#97 = VERTEX_POINT ( 'NONE', #608 ) ;
#98 = LINE ( 'NONE', #116, #1619 ) ;
#99 = FACE_OUTER_BOUND ( 'NONE', #618, .T. ) ;
#100 = DIRECTION ( 'NONE',  ( -0.9902680687415702500, 0.1391731009600659400, 0.0000000000000000000 ) ) ;
#101 = CARTESIAN_POINT ( 'NONE',  ( -0.9369013182964971400, 0.8899999999999999000, 1.162500000000000100 ) ) ;
#102 =( GEOMETRIC_REPRESENTATION_CONTEXT ( 3 ) GLOBAL_UNCERTAINTY_ASSIGNED_CONTEXT ( ( #1155 ) ) GLOBAL_UNIT_ASSIGNED_CONTEXT ( ( #671, #1522, #661 ) ) REPRESENTATION_CONTEXT ( 'NONE', 'WORKASPACE' ) );
#103 = VECTOR ( 'NONE', #879, 1000.000000000000000 ) ;
#104 = ORIENTED_EDGE ( 'NONE', *, *, #1369, .F. ) ;
#105 = DIRECTION ( 'NONE',  ( 0.9902680687415703600, -0.1391731009600652700, 0.0000000000000000000 ) ) ;
#106 = DIRECTION ( 'NONE',  ( -1.000000000000000000, 0.0000000000000000000, 0.0000000000000000000 ) ) ;
#107 = ORIENTED_EDGE ( 'NONE', *, *, #1721, .F. ) ;
#108 = EDGE_LOOP ( 'NONE', ( #454, #1749, #1492, #1746 ) ) ;
#109 = ORIENTED_EDGE ( 'NONE', *, *, #887, .F. ) ;
#110 = EDGE_CURVE ( 'NONE', #1310, #432, #443, .T. ) ;
#111 = EDGE_CURVE ( 'NONE', #531, #637, #1600, .T. ) ;
#112 = ORIENTED_EDGE ( 'NONE', *, *, #1248, .T. ) ;
#113 = SURFACE_SIDE_STYLE ('',( #1324 ) ) ;
#114 =( GEOMETRIC_REPRESENTATION_CONTEXT ( 3 ) GLOBAL_UNCERTAINTY_ASSIGNED_CONTEXT ( ( #1015 ) ) GLOBAL_UNIT_ASSIGNED_CONTEXT ( ( #993, #176, #54 ) ) REPRESENTATION_CONTEXT ( 'NONE', 'WORKASPACE' ) );
#115 = CARTESIAN_POINT ( 'NONE',  ( -0.9369013182964971400, 1.050000000000000000, 1.162500000000000100 ) ) ;
#116 = CARTESIAN_POINT ( 'NONE',  ( -0.6797295826488041200, 1.399999999999999900, 0.0000000000000000000 ) ) ;
#117 = LINE ( 'NONE', #1659, #1072 ) ;
#118 = LINE ( 'NONE', #991, #706 ) ;
#119 = ADVANCED_FACE ( 'NONE', ( #1544 ), #570, .F. ) ;
#120 = DIRECTION ( 'NONE',  ( -1.000000000000000000, 0.0000000000000000000, 0.0000000000000000000 ) ) ;
#121 = FACE_OUTER_BOUND ( 'NONE', #695, .T. ) ;
#122 = DIRECTION ( 'NONE',  ( 1.000000000000000000, 0.0000000000000000000, 0.0000000000000000000 ) ) ;
#123 = CARTESIAN_POINT ( 'NONE',  ( -1.051693841112349500, 0.1450617241432651800, -0.7374999999999998200 ) ) ;
#124 = PRODUCT_RELATED_PRODUCT_CATEGORY ( 'part', '', ( #1171 ) ) ;
#125 = EDGE_CURVE ( 'NONE', #427, #1063, #663, .T. ) ;
#126 =( NAMED_UNIT ( * ) SI_UNIT ( $, .STERADIAN. ) SOLID_ANGLE_UNIT ( ) );
#127 = ORIENTED_EDGE ( 'NONE', *, *, #1167, .F. ) ;
#128 =( NAMED_UNIT ( * ) SI_UNIT ( $, .STERADIAN. ) SOLID_ANGLE_UNIT ( ) );
#129 = UNCERTAINTY_MEASURE_WITH_UNIT (LENGTH_MEASURE( 1.000000000000000100E-005 ), #1688, 'distance_accuracy_value', 'NONE');
#130 = ORIENTED_EDGE ( 'NONE', *, *, #1504, .F. ) ;
#131 = ORIENTED_EDGE ( 'NONE', *, *, #125, .T. ) ;
#132 = ORIENTED_EDGE ( 'NONE', *, *, #146, .F. ) ;
#133 = DIRECTION ( 'NONE',  ( 0.0000000000000000000, 0.0000000000000000000, 1.000000000000000000 ) ) ;
#134 = DIRECTION ( 'NONE',  ( -0.0000000000000000000, 1.000000000000000000, -0.0000000000000000000 ) ) ;
#135 = SURFACE_STYLE_USAGE ( .BOTH. , #4 ) ;
#136 = EDGE_CURVE ( 'NONE', #641, #558, #1780, .T. ) ;
#137 = ADVANCED_FACE ( 'NONE', ( #38 ), #1596, .F. ) ;
#138 = CARTESIAN_POINT ( 'NONE',  ( 1.051693841112349500, 0.1450617241432651800, 0.2125000000000001300 ) ) ;
#139 = FACE_OUTER_BOUND ( 'NONE', #491, .T. ) ;
#140 = VECTOR ( 'NONE', #55, 1000.000000000000000 ) ;
#141 = DIRECTION ( 'NONE',  ( -0.9961946980917457700, 0.08715574274765487700, 0.0000000000000000000 ) ) ;
#142 = DIRECTION ( 'NONE',  ( 0.08715574274765763900, -0.9961946980917455500, 0.0000000000000000000 ) ) ;
#143 = DIRECTION ( 'NONE',  ( 0.0000000000000000000, 0.0000000000000000000, 1.000000000000000000 ) ) ;
#144 = ADVANCED_FACE ( 'NONE', ( #1673 ), #1505, .T. ) ;
#145 = FACE_OUTER_BOUND ( 'NONE', #1107, .T. ) ;
#146 = EDGE_CURVE ( 'NONE', #1246, #1112, #589, .T. ) ;
#147 = CARTESIAN_POINT ( 'NONE',  ( 1.209265174683524100, 0.1573674733159582100, 0.2125000000000001300 ) ) ;
#148 = FACE_OUTER_BOUND ( 'NONE', #1266, .T. ) ;
#149 = CARTESIAN_POINT ( 'NONE',  ( -0.7500000000000000000, 0.9000000000000000200, -1.450000000000000000 ) ) ;
#150 = DIRECTION ( 'NONE',  ( -0.1391731009600659400, 0.9902680687415702500, 0.0000000000000000000 ) ) ;
#151 = AXIS2_PLACEMENT_3D ( 'NONE', #313, #817, #1247 ) ;
#152 = PLANE ( 'NONE',  #1426 ) ;
#153 = VERTEX_POINT ( 'NONE', #1153 ) ;
#154 = VERTEX_POINT ( 'NONE', #1584 ) ;
#155 = ORIENTED_EDGE ( 'NONE', *, *, #1092, .F. ) ;
#156 = EDGE_LOOP ( 'NONE', ( #1661, #72, #1332, #1108 ) ) ;
#157 = ORIENTED_EDGE ( 'NONE', *, *, #960, .T. ) ;
#158 = ORIENTED_EDGE ( 'NONE', *, *, #448, .T. ) ;
#159 = DIRECTION ( 'NONE',  ( 1.000000000000000000, 0.0000000000000000000, 0.0000000000000000000 ) ) ;
#160 = CARTESIAN_POINT ( 'NONE',  ( -0.7500000000000000000, 0.9000000000000000200, -0.7374999999999998200 ) ) ;
#161 = DIRECTION ( 'NONE',  ( 0.9961946980917457700, -0.08715574274765487700, 0.0000000000000000000 ) ) ;
#162 = STYLED_ITEM ( 'NONE', ( #1483 ), #393 ) ;
#163 = VECTOR ( 'NONE', #1455, 1000.000000000000100 ) ;
#164 = LINE ( 'NONE', #901, #566 ) ;
#165 = LINE ( 'NONE', #1649, #465 ) ;
#166 = DIRECTION ( 'NONE',  ( 0.1391731009600662200, 0.9902680687415702500, -0.0000000000000000000 ) ) ;
#167 =( NAMED_UNIT ( * ) PLANE_ANGLE_UNIT ( ) SI_UNIT ( $, .RADIAN. ) );
#168 = EDGE_CURVE ( 'NONE', #1333, #1040, #1161, .T. ) ;
#169 = EDGE_CURVE ( 'NONE', #1610, #232, #1227, .T. ) ;
#170 = VERTEX_POINT ( 'NONE', #86 ) ;
#171 = ADVANCED_FACE ( 'NONE', ( #1005 ), #81, .F. ) ;
#172 = ORIENTED_EDGE ( 'NONE', *, *, #1078, .T. ) ;
#173 = DIRECTION ( 'NONE',  ( 1.000000000000000000, 0.0000000000000000000, 0.0000000000000000000 ) ) ;
#174 = CARTESIAN_POINT ( 'NONE',  ( -1.286926638587851300, 1.435196206782128400E-016, -0.7374999999999998200 ) ) ;
#175 = ORIENTED_EDGE ( 'NONE', *, *, #1369, .T. ) ;
#176 =( NAMED_UNIT ( * ) PLANE_ANGLE_UNIT ( ) SI_UNIT ( $, .RADIAN. ) );
#177 = CARTESIAN_POINT ( 'NONE',  ( 0.9369013182964971400, 0.8899999999999999000, 0.2125000000000001300 ) ) ;
#178 = FACE_OUTER_BOUND ( 'NONE', #1747, .T. ) ;
#179 = VECTOR ( 'NONE', #1751, 1000.000000000000000 ) ;
#180 = VECTOR ( 'NONE', #1397, 1000.000000000000100 ) ;
#181 = PRESENTATION_LAYER_ASSIGNMENT (  '', '', ( #1283 ) ) ;
#182 = CARTESIAN_POINT ( 'NONE',  ( 1.095344209295148600, 0.9122676961536098100, 0.2125000000000001300 ) ) ;
#183 = DIRECTION ( 'NONE',  ( 0.1391731009600662200, 0.9902680687415702500, -0.0000000000000000000 ) ) ;
#184 = CARTESIAN_POINT ( 'NONE',  ( -1.200234051423585000, 0.1659376892872747900, -1.162499999999999900 ) ) ;
#185 = CARTESIAN_POINT ( 'NONE',  ( -0.6797295826488041200, 1.399999999999999900, -1.379729582648804100 ) ) ;
#186 = CIRCLE ( 'NONE', #1129, 0.1000000000000000500 ) ;
#187 = DIRECTION ( 'NONE',  ( 1.000000000000000000, 0.0000000000000000000, 0.0000000000000000000 ) ) ;
#188 = ORIENTED_EDGE ( 'NONE', *, *, #1304, .F. ) ;
#189 = VERTEX_POINT ( 'NONE', #477 ) ;
#190 = AXIS2_PLACEMENT_3D ( 'NONE', #1775, #1362, #805 ) ;
#191 = VERTEX_POINT ( 'NONE', #69 ) ;
#192 = ORIENTED_EDGE ( 'NONE', *, *, #48, .F. ) ;
#193 = ORIENTED_EDGE ( 'NONE', *, *, #169, .T. ) ;
#194 = CARTESIAN_POINT ( 'NONE',  ( 0.9369013182964971400, 1.050000000000000000, 0.2125000000000001300 ) ) ;
#195 = VERTEX_POINT ( 'NONE', #1026 ) ;
#196 = CARTESIAN_POINT ( 'NONE',  ( 1.095344209295148600, 0.9122676961536098100, 0.2125000000000001300 ) ) ;
#197 = PLANE ( 'NONE',  #510 ) ;
#198 = EDGE_CURVE ( 'NONE', #1168, #1458, #645, .T. ) ;
#199 = LINE ( 'NONE', #537, #1715 ) ;
#200 = EDGE_CURVE ( 'NONE', #70, #1610, #966, .T. ) ;
#201 = ORIENTED_EDGE ( 'NONE', *, *, #1643, .F. ) ;
#202 = CARTESIAN_POINT ( 'NONE',  ( 0.7500000000000000000, 0.9000000000000000200, 0.2125000000000001300 ) ) ;
#203 = DIRECTION ( 'NONE',  ( 0.1391731009600659400, 0.9902680687415702500, -0.0000000000000000000 ) ) ;
#204 = VECTOR ( 'NONE', #935, 1000.000000000000000 ) ;
#205 = ORIENTED_EDGE ( 'NONE', *, *, #136, .F. ) ;
#206 = CARTESIAN_POINT ( 'NONE',  ( -0.7289188747946412400, 1.050000000000000000, -1.162499999999999900 ) ) ;
#207 = ORIENTED_EDGE ( 'NONE', *, *, #1019, .F. ) ;
#208 = ORIENTED_EDGE ( 'NONE', *, *, #1029, .F. ) ;
#209 = ORIENTED_EDGE ( 'NONE', *, *, #1752, .F. ) ;
#210 = STYLED_ITEM ( 'NONE', ( #87 ), #578 ) ;
#211 = VERTEX_POINT ( 'NONE', #348 ) ;
#212 = CARTESIAN_POINT ( 'NONE',  ( 1.200234051423585000, 0.1659376892872747900, 0.2125000000000001300 ) ) ;
#213 = CARTESIAN_POINT ( 'NONE',  ( 1.300000000000000000, 0.1494292047137618700, 0.2125000000000001300 ) ) ;
#214 = EDGE_LOOP ( 'NONE', ( #976, #911, #286, #737 ) ) ;
#215 = VECTOR ( 'NONE', #819, 1000.000000000000000 ) ;
#216 = LINE ( 'NONE', #45, #1759 ) ;
#217 = DIRECTION ( 'NONE',  ( 1.000000000000000000, 0.0000000000000000000, 0.0000000000000000000 ) ) ;
#218 = LINE ( 'NONE', #1679, #665 ) ;
#219 = EDGE_CURVE ( 'NONE', #153, #556, #398, .T. ) ;
#220 = DIRECTION ( 'NONE',  ( 0.1391731009600652700, 0.9902680687415703600, 0.0000000000000000000 ) ) ;
#221 = AXIS2_PLACEMENT_3D ( 'NONE', #462, #711, #1279 ) ;
#222 = PLANE ( 'NONE',  #315 ) ;
#223 = DIRECTION ( 'NONE',  ( -0.1391731009600659400, -0.9902680687415702500, 0.0000000000000000000 ) ) ;
#224 = LINE ( 'NONE', #515, #1652 ) ;
#225 = CARTESIAN_POINT ( 'NONE',  ( 1.209265174683524100, 0.1573674733159582100, 0.2125000000000001300 ) ) ;
#226 = FACE_OUTER_BOUND ( 'NONE', #1498, .T. ) ;
#227 = ORIENTED_EDGE ( 'NONE', *, *, #1468, .F. ) ;
#228 = ORIENTED_EDGE ( 'NONE', *, *, #852, .T. ) ;
#229 = CARTESIAN_POINT ( 'NONE',  ( 0.9468039989839128800, 0.8913917310096005600, -0.2124999999999999100 ) ) ;
#230 = ORIENTED_EDGE ( 'NONE', *, *, #1370, .F. ) ;
#231 = VERTEX_POINT ( 'NONE', #1300 ) ;
#232 = VERTEX_POINT ( 'NONE', #622 ) ;
#233 = EDGE_CURVE ( 'NONE', #1726, #1539, #1716, .T. ) ;
#234 = VERTEX_POINT ( 'NONE', #1316 ) ;
#235 = DIRECTION ( 'NONE',  ( 0.0000000000000000000, 0.0000000000000000000, 1.000000000000000000 ) ) ;
#236 = DIRECTION ( 'NONE',  ( -0.1391731009600652700, -0.9902680687415703600, 0.0000000000000000000 ) ) ;
#237 = ORIENTED_EDGE ( 'NONE', *, *, #1446, .T. ) ;
#238 = AXIS2_PLACEMENT_3D ( 'NONE', #1689, #835, #1117 ) ;
#239 = DIRECTION ( 'NONE',  ( -0.0000000000000000000, -0.0000000000000000000, 1.000000000000000000 ) ) ;
#240 = ORIENTED_EDGE ( 'NONE', *, *, #867, .T. ) ;
#241 = CARTESIAN_POINT ( 'NONE',  ( -0.5000000000000000000, 1.399999999999999900, -1.200000000000000000 ) ) ;
#242 = CARTESIAN_POINT ( 'NONE',  ( 0.7500000000000000000, 0.9000000000000000200, 0.2125000000000001300 ) ) ;
#243 = DIRECTION ( 'NONE',  ( -0.1391731009600659400, -0.9902680687415702500, 0.0000000000000000000 ) ) ;
#244 = VECTOR ( 'NONE', #1754, 1000.000000000000000 ) ;
#245 = DIRECTION ( 'NONE',  ( -0.0000000000000000000, -0.0000000000000000000, -1.000000000000000000 ) ) ;
#246 = FACE_OUTER_BOUND ( 'NONE', #1110, .T. ) ;
#247 = AXIS2_PLACEMENT_3D ( 'NONE', #725, #857, #340 ) ;
#248 = AXIS2_PLACEMENT_3D ( 'NONE', #273, #1071, #259 ) ;
#249 = DIRECTION ( 'NONE',  ( 0.08715574274765763900, -0.9961946980917455500, 0.0000000000000000000 ) ) ;
#250 = ADVANCED_FACE ( 'NONE', ( #520 ), #1590, .F. ) ;
#251 = LINE ( 'NONE', #1638, #712 ) ;
#252 = CARTESIAN_POINT ( 'NONE',  ( -1.095344209295148600, 0.9122676961536098100, 0.7375000000000000400 ) ) ;
#253 = VERTEX_POINT ( 'NONE', #890 ) ;
#254 = DIRECTION ( 'NONE',  ( -0.0000000000000000000, -0.0000000000000000000, -1.000000000000000000 ) ) ;
#255 = ORIENTED_EDGE ( 'NONE', *, *, #687, .T. ) ;
#256 = ORIENTED_EDGE ( 'NONE', *, *, #478, .T. ) ;
#257 = CARTESIAN_POINT ( 'NONE',  ( -1.209265174683524100, 0.1573674733159582100, -1.162499999999999900 ) ) ;
#258 = VERTEX_POINT ( 'NONE', #876 ) ;
#259 = DIRECTION ( 'NONE',  ( -0.0000000000000000000, 0.0000000000000000000, -1.000000000000000000 ) ) ;
#260 = EDGE_CURVE ( 'NONE', #195, #637, #267, .T. ) ;
#261 = UNCERTAINTY_MEASURE_WITH_UNIT (LENGTH_MEASURE( 1.000000000000000100E-005 ), #1743, 'distance_accuracy_value', 'NONE');
#262 = EDGE_CURVE ( 'NONE', #154, #535, #1693, .T. ) ;
#263 = ADVANCED_FACE ( 'NONE', ( #542 ), #885, .F. ) ;
#264 = LINE ( 'NONE', #1098, #1690 ) ;
#265 = DIRECTION ( 'NONE',  ( -0.1378445374916289200, -0.9808148484639890300, -0.1378445374916289200 ) ) ;
#266 = CIRCLE ( 'NONE', #1729, 0.01000000000000002600 ) ;
#267 = LINE ( 'NONE', #749, #787 ) ;
#268 = CARTESIAN_POINT ( 'NONE',  ( 0.9468039989839127600, 0.8913917310096005600, 0.2125000000000001300 ) ) ;
#269 = VECTOR ( 'NONE', #1218, 1000.000000000000000 ) ;
#270 = DIRECTION ( 'NONE',  ( -1.000000000000000000, 0.0000000000000000000, 0.0000000000000000000 ) ) ;
#271 = DIRECTION ( 'NONE',  ( 1.000000000000000000, 0.0000000000000000000, 0.0000000000000000000 ) ) ;
#272 = ADVANCED_FACE ( 'NONE', ( #80 ), #294, .T. ) ;
#273 = CARTESIAN_POINT ( 'NONE',  ( 0.7289188747946412400, 1.050000000000000000, 0.2125000000000001300 ) ) ;
#274 = VECTOR ( 'NONE', #1500, 1000.000000000000000 ) ;
#275 = DIRECTION ( 'NONE',  ( 0.0000000000000000000, 0.0000000000000000000, 1.000000000000000000 ) ) ;
#276 = AXIS2_PLACEMENT_3D ( 'NONE', #815, #988, #15 ) ;
#277 = DIRECTION ( 'NONE',  ( 0.1378445374916289200, 0.9808148484639890300, 0.1378445374916289200 ) ) ;
#278 = CYLINDRICAL_SURFACE ( 'NONE', #1095, 0.009999999999999918700 ) ;
#279 = SURFACE_STYLE_USAGE ( .BOTH. , #1509 ) ;
#280 = ORIENTED_EDGE ( 'NONE', *, *, #648, .T. ) ;
#281 = ADVANCED_FACE ( 'NONE', ( #1366 ), #763, .F. ) ;
#282 = CARTESIAN_POINT ( 'NONE',  ( -0.9369013182964971400, 1.050000000000000000, -1.162499999999999900 ) ) ;
#283 = ORIENTED_EDGE ( 'NONE', *, *, #449, .F. ) ;
#284 = EDGE_LOOP ( 'NONE', ( #1434, #428, #1430, #1290, #361, #1725, #1556, #132, #1188, #939, #1678, #509 ) ) ;
#285 = DIRECTION ( 'NONE',  ( 0.0000000000000000000, 0.9902680687415703600, -0.1391731009600657400 ) ) ;
#286 = ORIENTED_EDGE ( 'NONE', *, *, #297, .T. ) ;
#287 = DIRECTION ( 'NONE',  ( 0.0000000000000000000, 0.0000000000000000000, 1.000000000000000000 ) ) ;
#288 = CARTESIAN_POINT ( 'NONE',  ( -1.210136732111000600, 0.1673294202968756100, -0.7374999999999998200 ) ) ;
#289 = DIRECTION ( 'NONE',  ( -0.0000000000000000000, -0.0000000000000000000, -1.000000000000000000 ) ) ;
#290 = DIRECTION ( 'NONE',  ( 0.0000000000000000000, 0.0000000000000000000, 1.000000000000000000 ) ) ;
#291 = VECTOR ( 'NONE', #1622, 1000.000000000000200 ) ;
#292 = LINE ( 'NONE', #1251, #79 ) ;
#293 = PLANE ( 'NONE',  #899 ) ;
#294 = CYLINDRICAL_SURFACE ( 'NONE', #469, 0.1599999999999999800 ) ;
#295 = CARTESIAN_POINT ( 'NONE',  ( -0.5000000000000000000, 1.399999999999999900, -1.200000000000000000 ) ) ;
#296 = DIRECTION ( 'NONE',  ( -0.0000000000000000000, -0.0000000000000000000, -1.000000000000000000 ) ) ;
#297 = EDGE_CURVE ( 'NONE', #820, #1571, #1582, .T. ) ;
#298 = EDGE_CURVE ( 'NONE', #411, #189, #164, .T. ) ;
#299 = DIRECTION ( 'NONE',  ( -0.08715574274765763900, -0.9961946980917455500, 0.0000000000000000000 ) ) ;
#300 = FACE_OUTER_BOUND ( 'NONE', #52, .T. ) ;
#301 = DIRECTION ( 'NONE',  ( -0.0000000000000000000, -0.0000000000000000000, -1.000000000000000000 ) ) ;
#302 = ADVANCED_FACE ( 'NONE', ( #1321 ), #917, .F. ) ;
#303 = EDGE_LOOP ( 'NONE', ( #553, #1634, #1312, #2 ) ) ;
#304 = CARTESIAN_POINT ( 'NONE',  ( -1.196191813271375400, 0.007938268602196506300, -0.7374999999999998200 ) ) ;
#305 = ORIENTED_EDGE ( 'NONE', *, *, #1680, .T. ) ;
#306 = CLOSED_SHELL ( 'NONE', ( #1219, #969, #1123, #314, #415, #575, #1091, #1540, #709, #1261, #1099, #1228, #1407 ) ) ;
#307 = DIRECTION ( 'NONE',  ( -1.000000000000000000, 0.0000000000000000000, 0.0000000000000000000 ) ) ;
#308 = APPLICATION_CONTEXT ( 'automotive_design' ) ;
#309 = ORIENTED_EDGE ( 'NONE', *, *, #1739, .T. ) ;
#310 = ORIENTED_EDGE ( 'NONE', *, *, #1180, .T. ) ;
#311 = ORIENTED_EDGE ( 'NONE', *, *, #1559, .T. ) ;
#312 =( NAMED_UNIT ( * ) SI_UNIT ( $, .STERADIAN. ) SOLID_ANGLE_UNIT ( ) );
#313 = CARTESIAN_POINT ( 'NONE',  ( -0.7500000000000000000, 0.9000000000000000200, 1.450000000000000000 ) ) ;
#314 = ADVANCED_FACE ( 'NONE', ( #916 ), #1757, .T. ) ;
#315 = AXIS2_PLACEMENT_3D ( 'NONE', #909, #1325, #1348 ) ;
#316 = CARTESIAN_POINT ( 'NONE',  ( -0.5000000000000000000, 1.300000000000000000, -1.200000000000000000 ) ) ;
#317 = VECTOR ( 'NONE', #1345, 1000.000000000000000 ) ;
#318 = VECTOR ( 'NONE', #1579, 1000.000000000000000 ) ;
#319 = CYLINDRICAL_SURFACE ( 'NONE', #547, 0.1599999999999997800 ) ;
#320 = CARTESIAN_POINT ( 'NONE',  ( -1.209265174683524100, 0.1573674733159582100, 1.162500000000000100 ) ) ;
#321 = CARTESIAN_POINT ( 'NONE',  ( -0.7289188747946412400, 1.050000000000000000, -1.162499999999999900 ) ) ;
#322 = CARTESIAN_POINT ( 'NONE',  ( -1.210136732111000600, 0.1673294202968756100, 1.162500000000000100 ) ) ;
#323 = EDGE_CURVE ( 'NONE', #1595, #1062, #1023, .T. ) ;
#324 = LINE ( 'NONE', #1044, #1377 ) ;
#325 = AXIS2_PLACEMENT_3D ( 'NONE', #759, #612, #217 ) ;
#326 = DIRECTION ( 'NONE',  ( 0.9961946980917457700, 0.08715574274765487700, 0.0000000000000000000 ) ) ;
#327 = CLOSED_SHELL ( 'NONE', ( #1271, #545, #979, #1782 ) ) ;
#328 = ORIENTED_EDGE ( 'NONE', *, *, #924, .T. ) ;
#329 = ORIENTED_EDGE ( 'NONE', *, *, #687, .F. ) ;
#330 = CARTESIAN_POINT ( 'NONE',  ( -0.5000000000000000000, 1.300000000000000000, -1.300000000000000000 ) ) ;
#331 = VERTEX_POINT ( 'NONE', #1051 ) ;
#332 = ORIENTED_EDGE ( 'NONE', *, *, #1468, .T. ) ;
#333 = CARTESIAN_POINT ( 'NONE',  ( 1.196191813271375400, 0.007938268602196506300, -0.2124999999999999100 ) ) ;
#334 = DIRECTION ( 'NONE',  ( 0.9961946980917457700, 0.08715574274765487700, -0.0000000000000000000 ) ) ;
#335 = CARTESIAN_POINT ( 'NONE',  ( -0.7500000000000000000, 0.9000000000000000200, 0.7375000000000000400 ) ) ;
#336 = EDGE_CURVE ( 'NONE', #92, #929, #98, .T. ) ;
#337 = SURFACE_STYLE_FILL_AREA ( #42 ) ;
#338 = AXIS2_PLACEMENT_3D ( 'NONE', #1440, #746, #1719 ) ;
#339 = PLANE ( 'NONE',  #1630 ) ;
#340 = DIRECTION ( 'NONE',  ( -1.000000000000000000, 0.0000000000000000000, 0.0000000000000000000 ) ) ;
#341 = VECTOR ( 'NONE', #952, 1000.000000000000000 ) ;
#342 = CIRCLE ( 'NONE', #607, 0.1000000000000000500 ) ;
#343 = DIRECTION ( 'NONE',  ( -0.0000000000000000000, -0.0000000000000000000, -1.000000000000000000 ) ) ;
#344 = ORIENTED_EDGE ( 'NONE', *, *, #951, .T. ) ;
#345 = EDGE_LOOP ( 'NONE', ( #1577, #1150, #1242, #349, #240, #1574, #734, #1220, #996, #1286, #386, #1151 ) ) ;
#346 = ORIENTED_EDGE ( 'NONE', *, *, #1684, .F. ) ;
#347 = EDGE_LOOP ( 'NONE', ( #891, #1315, #798, #346, #1589, #1292, #1243, #1308, #31, #192, #869, #598 ) ) ;
#348 = CARTESIAN_POINT ( 'NONE',  ( -1.095344209295148600, 0.9122676961536098100, -0.7374999999999998200 ) ) ;
#349 = ORIENTED_EDGE ( 'NONE', *, *, #1752, .T. ) ;
#350 = MANIFOLD_SOLID_BREP ( 'Boss-Extrude4', #77 ) ;
#351 = DIRECTION ( 'NONE',  ( 0.0000000000000000000, 1.000000000000000000, -0.0000000000000000000 ) ) ;
#352 = CIRCLE ( 'NONE', #772, 0.01000000000000002600 ) ;
#353 = EDGE_CURVE ( 'NONE', #430, #1093, #1202, .T. ) ;
#354 = DIRECTION ( 'NONE',  ( 1.000000000000000000, 0.0000000000000000000, 0.0000000000000000000 ) ) ;
#355 = EDGE_CURVE ( 'NONE', #1217, #797, #660, .T. ) ;
#356 = LINE ( 'NONE', #182, #943 ) ;
#357 = FACE_OUTER_BOUND ( 'NONE', #347, .T. ) ;
#358 = CARTESIAN_POINT ( 'NONE',  ( 0.7500000000000000000, 0.9000000000000000200, 1.450000000000000000 ) ) ;
#359 = VECTOR ( 'NONE', #354, 1000.000000000000000 ) ;
#360 = DIRECTION ( 'NONE',  ( 0.0000000000000000000, -0.0000000000000000000, -1.000000000000000000 ) ) ;
#361 = ORIENTED_EDGE ( 'NONE', *, *, #1320, .F. ) ;
#362 = CARTESIAN_POINT ( 'NONE',  ( -0.7500000000000000000, 0.9000000000000000200, 1.450000000000000000 ) ) ;
#363 = ORIENTED_EDGE ( 'NONE', *, *, #1274, .F. ) ;
#364 = ORIENTED_EDGE ( 'NONE', *, *, #198, .F. ) ;
#365 = VERTEX_POINT ( 'NONE', #229 ) ;
#366 = CARTESIAN_POINT ( 'NONE',  ( 1.210136732111000600, 0.1673294202968756100, 0.2125000000000001300 ) ) ;
#367 = PLANE ( 'NONE',  #1068 ) ;
#368 = DIRECTION ( 'NONE',  ( -0.1391731009600657400, 0.9902680687415703600, 0.0000000000000000000 ) ) ;
#369 = PLANE ( 'NONE',  #483 ) ;
#370 = LINE ( 'NONE', #1403, #1275 ) ;
#371 = AXIS2_PLACEMENT_3D ( 'NONE', #316, #567, #1405 ) ;
#372 = CARTESIAN_POINT ( 'NONE',  ( -0.9369013182964971400, 0.8899999999999999000, -1.162499999999999900 ) ) ;
#373 = FACE_OUTER_BOUND ( 'NONE', #1132, .T. ) ;
#374 = DIRECTION ( 'NONE',  ( 0.0000000000000000000, 0.0000000000000000000, 1.000000000000000000 ) ) ;
#375 = DIRECTION ( 'NONE',  ( 0.9902680687415703600, -0.1391731009600657400, 0.0000000000000000000 ) ) ;
#376 = AXIS2_PLACEMENT_3D ( 'NONE', #487, #351, #872 ) ;
#377 = CARTESIAN_POINT ( 'NONE',  ( -0.9468039989839127600, 0.8913917310096005600, -0.7374999999999998200 ) ) ;
#378 = VECTOR ( 'NONE', #1379, 1000.000000000000000 ) ;
#379 = VECTOR ( 'NONE', #1461, 1000.000000000000000 ) ;
#380 = CARTESIAN_POINT ( 'NONE',  ( -1.210136732111000600, 0.1673294202968756100, 0.7375000000000000400 ) ) ;
#381 = CARTESIAN_POINT ( 'NONE',  ( -1.300000000000000000, 0.1494292047137618700, 1.162500000000000100 ) ) ;
#382 = ORIENTED_EDGE ( 'NONE', *, *, #1138, .T. ) ;
#383 = VERTEX_POINT ( 'NONE', #1178 ) ;
#384 = DIRECTION ( 'NONE',  ( -0.0000000000000000000, -0.0000000000000000000, -1.000000000000000000 ) ) ;
#385 = EDGE_CURVE ( 'NONE', #91, #231, #1733, .T. ) ;
#386 = ORIENTED_EDGE ( 'NONE', *, *, #1328, .T. ) ;
#387 = ORIENTED_EDGE ( 'NONE', *, *, #606, .F. ) ;
#388 = EDGE_CURVE ( 'NONE', #1063, #1408, #1563, .T. ) ;
#389 = ORIENTED_EDGE ( 'NONE', *, *, #1616, .F. ) ;
#390 = ORIENTED_EDGE ( 'NONE', *, *, #439, .F. ) ;
#391 = CARTESIAN_POINT ( 'NONE',  ( -1.209265174683524100, 0.1573674733159582100, 1.162500000000000100 ) ) ;
#392 = CARTESIAN_POINT ( 'NONE',  ( -0.7500000000000000000, 0.9000000000000000200, 1.450000000000000000 ) ) ;
#393 = MANIFOLD_SOLID_BREP ( 'Cut-Extrude1', #306 ) ;
#394 = CARTESIAN_POINT ( 'NONE',  ( -1.095344209295148600, 0.9122676961536098100, 1.162500000000000100 ) ) ;
#395 = DIRECTION ( 'NONE',  ( 0.0000000000000000000, -0.0000000000000000000, -1.000000000000000000 ) ) ;
#396 = FACE_OUTER_BOUND ( 'NONE', #853, .T. ) ;
#397 = CARTESIAN_POINT ( 'NONE',  ( -0.7500000000000000000, 0.9000000000000000200, 1.450000000000000000 ) ) ;
#398 = LINE ( 'NONE', #755, #985 ) ;
#399 = ADVANCED_FACE ( 'NONE', ( #1417 ), #367, .F. ) ;
#400 = VECTOR ( 'NONE', #166, 999.9999999999998900 ) ;
#401 = PLANE ( 'NONE',  #613 ) ;
#402 = AXIS2_PLACEMENT_3D ( 'NONE', #1635, #8, #290 ) ;
#403 = DIRECTION ( 'NONE',  ( 0.0000000000000000000, -0.0000000000000000000, -1.000000000000000000 ) ) ;
#404 = FACE_OUTER_BOUND ( 'NONE', #886, .T. ) ;
#405 = VECTOR ( 'NONE', #1142, 1000.000000000000000 ) ;
#406 = CARTESIAN_POINT ( 'NONE',  ( 0.9468039989839127600, 0.8913917310096005600, -0.2124999999999999100 ) ) ;
#407 = ORIENTED_EDGE ( 'NONE', *, *, #1320, .T. ) ;
#408 = VERTEX_POINT ( 'NONE', #1637 ) ;
#409 = CARTESIAN_POINT ( 'NONE',  ( -1.095344209295148600, 0.9122676961536098100, 1.162500000000000100 ) ) ;
#410 = ORIENTED_EDGE ( 'NONE', *, *, #1180, .F. ) ;
#411 = VERTEX_POINT ( 'NONE', #1390 ) ;
#412 = DIRECTION ( 'NONE',  ( 0.0000000000000000000, 0.0000000000000000000, 1.000000000000000000 ) ) ;
#413 = EDGE_CURVE ( 'NONE', #53, #1168, #1541, .T. ) ;
#414 = CARTESIAN_POINT ( 'NONE',  ( -1.196191813271375400, 0.007938268602196506300, -1.162499999999999900 ) ) ;
#415 = ADVANCED_FACE ( 'NONE', ( #1177 ), #1384, .T. ) ;
#416 = SURFACE_STYLE_FILL_AREA ( #1340 ) ;
#417 = FACE_OUTER_BOUND ( 'NONE', #1771, .T. ) ;
#418 = DIRECTION ( 'NONE',  ( 0.0000000000000000000, -0.1391731009600657400, 0.9902680687415703600 ) ) ;
#419 = MANIFOLD_SOLID_BREP ( 'LPattern1[2]', #512 ) ;
#420 = EDGE_CURVE ( 'NONE', #1112, #973, #1778, .T. ) ;
#421 = CARTESIAN_POINT ( 'NONE',  ( 1.209265174683524100, 0.1573674733159582100, 0.2125000000000001300 ) ) ;
#422 = CIRCLE ( 'NONE', #1223, 0.1000000000000000500 ) ;
#423 = CARTESIAN_POINT ( 'NONE',  ( -0.9369013182964971400, 0.8899999999999999000, -0.7374999999999998200 ) ) ;
#424 = LINE ( 'NONE', #1017, #1470 ) ;
#425 = DIRECTION ( 'NONE',  ( 0.9961946980917457700, 0.08715574274765487700, -0.0000000000000000000 ) ) ;
#426 = DIRECTION ( 'NONE',  ( 0.0000000000000000000, -1.000000000000000000, 0.0000000000000000000 ) ) ;
#427 = VERTEX_POINT ( 'NONE', #9 ) ;
#428 = ORIENTED_EDGE ( 'NONE', *, *, #1078, .F. ) ;
#429 = DIRECTION ( 'NONE',  ( -0.0000000000000000000, -0.0000000000000000000, -1.000000000000000000 ) ) ;
#430 = VERTEX_POINT ( 'NONE', #948 ) ;
#431 = VERTEX_POINT ( 'NONE', #1650 ) ;
#432 = VERTEX_POINT ( 'NONE', #1085 ) ;
#433 = DIRECTION ( 'NONE',  ( -1.000000000000000000, 0.0000000000000000000, 0.0000000000000000000 ) ) ;
#434 = VERTEX_POINT ( 'NONE', #1368 ) ;
#435 =( GEOMETRIC_REPRESENTATION_CONTEXT ( 3 ) GLOBAL_UNCERTAINTY_ASSIGNED_CONTEXT ( ( #1547 ) ) GLOBAL_UNIT_ASSIGNED_CONTEXT ( ( #827, #1270, #451 ) ) REPRESENTATION_CONTEXT ( 'NONE', 'WORKASPACE' ) );
#436 = ADVANCED_FACE ( 'NONE', ( #178 ), #812, .F. ) ;
#437 = DIRECTION ( 'NONE',  ( 0.08715574274765489100, 0.9961946980917458800, 0.0000000000000000000 ) ) ;
#438 = ORIENTED_EDGE ( 'NONE', *, *, #219, .T. ) ;
#439 = EDGE_CURVE ( 'NONE', #1329, #902, #626, .T. ) ;
#440 = PLANE ( 'NONE',  #371 ) ;
#441 = FACE_OUTER_BOUND ( 'NONE', #1193, .T. ) ;
#442 = DIRECTION ( 'NONE',  ( -1.000000000000000000, 0.0000000000000000000, 0.0000000000000000000 ) ) ;
#443 = LINE ( 'NONE', #1442, #919 ) ;
#444 = CIRCLE ( 'NONE', #1159, 0.009999999999999918700 ) ;
#445 = CARTESIAN_POINT ( 'NONE',  ( 0.0000000000000000000, 0.0000000000000000000, 0.0000000000000000000 ) ) ;
#446 = ADVANCED_FACE ( 'NONE', ( #1225 ), #1376, .F. ) ;
#447 = CARTESIAN_POINT ( 'NONE',  ( -0.7500000000000000000, 0.9000000000000000200, 0.7375000000000000400 ) ) ;
#448 = EDGE_CURVE ( 'NONE', #92, #1040, #1317, .T. ) ;
#449 = EDGE_CURVE ( 'NONE', #999, #1216, #848, .T. ) ;
#450 = CARTESIAN_POINT ( 'NONE',  ( -1.200234051423585000, 0.1659376892872747900, 1.162500000000000100 ) ) ;
#451 =( NAMED_UNIT ( * ) SI_UNIT ( $, .STERADIAN. ) SOLID_ANGLE_UNIT ( ) );
#452 = VECTOR ( 'NONE', #614, 1000.000000000000000 ) ;
#453 = DIRECTION ( 'NONE',  ( 1.000000000000000000, -0.0000000000000000000, -0.0000000000000000000 ) ) ;
#454 = ORIENTED_EDGE ( 'NONE', *, *, #1274, .T. ) ;
#455 = VERTEX_POINT ( 'NONE', #1642 ) ;
#456 = ORIENTED_EDGE ( 'NONE', *, *, #388, .T. ) ;
#457 = CARTESIAN_POINT ( 'NONE',  ( 0.7500000000000000000, 0.9000000000000000200, 0.2125000000000001300 ) ) ;
#458 = DIRECTION ( 'NONE',  ( -0.0000000000000000000, 1.000000000000000000, -0.0000000000000000000 ) ) ;
#459 = DIRECTION ( 'NONE',  ( 1.000000000000000000, 0.0000000000000000000, 0.0000000000000000000 ) ) ;
#460 = AXIS2_PLACEMENT_3D ( 'NONE', #989, #605, #466 ) ;
#461 = EDGE_LOOP ( 'NONE', ( #329, #1711, #363, #758, #1353, #188, #1535, #463, #677, #1611, #1728, #56 ) ) ;
#462 = CARTESIAN_POINT ( 'NONE',  ( -1.300000000000000000, 0.1494292047137618700, -0.7374999999999998200 ) ) ;
#463 = ORIENTED_EDGE ( 'NONE', *, *, #323, .F. ) ;
#464 = VECTOR ( 'NONE', #384, 1000.000000000000000 ) ;
#465 = VECTOR ( 'NONE', #541, 999.9999999999998900 ) ;
#466 = DIRECTION ( 'NONE',  ( 0.0000000000000000000, -0.0000000000000000000, 1.000000000000000000 ) ) ;
#467 = PLANE ( 'NONE',  #338 ) ;
#468 = FACE_OUTER_BOUND ( 'NONE', #284, .T. ) ;
#469 = AXIS2_PLACEMENT_3D ( 'NONE', #95, #922, #1199 ) ;
#470 = ORIENTED_EDGE ( 'NONE', *, *, #982, .T. ) ;
#471 = DIRECTION ( 'NONE',  ( 0.1391731009600652700, -0.9902680687415703600, 0.0000000000000000000 ) ) ;
#472 = ORIENTED_EDGE ( 'NONE', *, *, #413, .T. ) ;
#473 = EDGE_LOOP ( 'NONE', ( #910, #653, #1381, #1744 ) ) ;
#474 = PLANE ( 'NONE',  #1182 ) ;
#475 = ORIENTED_EDGE ( 'NONE', *, *, #923, .T. ) ;
#476 = EDGE_LOOP ( 'NONE', ( #1640, #310 ) ) ;
#477 = CARTESIAN_POINT ( 'NONE',  ( 0.6797295826488041200, 1.399999999999999900, -1.379729582648804100 ) ) ;
#478 = EDGE_CURVE ( 'NONE', #1726, #1458, #264, .T. ) ;
#479 = CARTESIAN_POINT ( 'NONE',  ( -1.196191813271375400, 0.007938268602196506300, -1.162499999999999900 ) ) ;
#480 = CARTESIAN_POINT ( 'NONE',  ( 0.7500000000000000000, 0.1000000000000000500, 1.337567332238086500 ) ) ;
#481 = EDGE_CURVE ( 'NONE', #1458, #531, #981, .T. ) ;
#482 = CYLINDRICAL_SURFACE ( 'NONE', #721, 0.1599999999999997800 ) ;
#483 = AXIS2_PLACEMENT_3D ( 'NONE', #516, #1047, #1183 ) ;
#484 = VECTOR ( 'NONE', #1717, 1000.000000000000000 ) ;
#485 = CYLINDRICAL_SURFACE ( 'NONE', #965, 0.1000000000000000500 ) ;
#486 = CARTESIAN_POINT ( 'NONE',  ( -1.209265174683524100, 0.1573674733159582100, -0.7374999999999998200 ) ) ;
#487 = CARTESIAN_POINT ( 'NONE',  ( -0.7500000000000000000, 0.9000000000000000200, 1.162500000000000100 ) ) ;
#488 = EDGE_LOOP ( 'NONE', ( #678, #1411, #636, #1572 ) ) ;
#489 = AXIS2_PLACEMENT_3D ( 'NONE', #785, #1215, #802 ) ;
#490 = EDGE_LOOP ( 'NONE', ( #470, #1707, #724, #1768, #309, #1772, #1291, #1361, #328, #1239, #1533, #1198 ) ) ;
#491 = EDGE_LOOP ( 'NONE', ( #1516, #1454, #1664, #228 ) ) ;
#492 = ORIENTED_EDGE ( 'NONE', *, *, #571, .T. ) ;
#493 = CARTESIAN_POINT ( 'NONE',  ( -0.7500000000000000000, 0.1000000000000000500, -1.337567332238086500 ) ) ;
#494 = CARTESIAN_POINT ( 'NONE',  ( 0.9369013182964971400, 0.8899999999999999000, -0.2124999999999999100 ) ) ;
#495 = EDGE_CURVE ( 'NONE', #427, #1686, #941, .T. ) ;
#496 = DIRECTION ( 'NONE',  ( 0.0000000000000000000, 1.000000000000000000, 0.0000000000000000000 ) ) ;
#497 = AXIS2_PLACEMENT_3D ( 'NONE', #1601, #360, #90 ) ;
#498 = ORIENTED_EDGE ( 'NONE', *, *, #219, .F. ) ;
#499 = LINE ( 'NONE', #971, #522 ) ;
#500 = DIRECTION ( 'NONE',  ( -0.0000000000000000000, -0.0000000000000000000, -1.000000000000000000 ) ) ;
#501 = DIRECTION ( 'NONE',  ( 0.9961946980917457700, -0.08715574274765486300, 0.0000000000000000000 ) ) ;
#502 = VECTOR ( 'NONE', #1388, 1000.000000000000000 ) ;
#503 = VECTOR ( 'NONE', #1174, 1000.000000000000000 ) ;
#504 = DIRECTION ( 'NONE',  ( -0.1391731009600657400, -0.9902680687415703600, 0.0000000000000000000 ) ) ;
#505 = EDGE_CURVE ( 'NONE', #253, #427, #892, .T. ) ;
#506 = ORIENTED_EDGE ( 'NONE', *, *, #740, .F. ) ;
#507 = ORIENTED_EDGE ( 'NONE', *, *, #1684, .T. ) ;
#508 = DIRECTION ( 'NONE',  ( 0.1391731009600652700, 0.9902680687415703600, 0.0000000000000000000 ) ) ;
#509 = ORIENTED_EDGE ( 'NONE', *, *, #200, .F. ) ;
#510 = AXIS2_PLACEMENT_3D ( 'NONE', #1448, #1031, #1007 ) ;
#511 = ORIENTED_EDGE ( 'NONE', *, *, #1443, .T. ) ;
#512 = CLOSED_SHELL ( 'NONE', ( #35, #569, #272, #1551, #1419, #281, #137, #250, #1651, #670, #119, #171, #811, #1774 ) ) ;
#513 = SURFACE_SIDE_STYLE ('',( #416 ) ) ;
#514 = DIRECTION ( 'NONE',  ( 0.0000000000000000000, 0.0000000000000000000, 1.000000000000000000 ) ) ;
#515 = CARTESIAN_POINT ( 'NONE',  ( -1.196191813271375400, 0.007938268602196506300, -0.7374999999999998200 ) ) ;
#516 = CARTESIAN_POINT ( 'NONE',  ( -0.7500000000000000000, 0.9000000000000000200, -1.450000000000000000 ) ) ;
#517 = AXIS2_PLACEMENT_3D ( 'NONE', #1546, #980, #433 ) ;
#518 = DIRECTION ( 'NONE',  ( -0.1391731009600652700, -0.9902680687415703600, 0.0000000000000000000 ) ) ;
#519 = LINE ( 'NONE', #1263, #786 ) ;
#520 = FACE_OUTER_BOUND ( 'NONE', #1750, .T. ) ;
#521 = CARTESIAN_POINT ( 'NONE',  ( 0.7500000000000000000, 0.9000000000000000200, -1.450000000000000000 ) ) ;
#522 = VECTOR ( 'NONE', #978, 1000.000000000000000 ) ;
#523 = AXIS2_PLACEMENT_3D ( 'NONE', #41, #846, #1698 ) ;
#524 = PRODUCT_DEFINITION_SHAPE ( 'NONE', 'NONE',  #878 ) ;
#525 = ADVANCED_FACE ( 'NONE', ( #1363 ), #1549, .F. ) ;
#526 = VECTOR ( 'NONE', #395, 1000.000000000000000 ) ;
#527 = CARTESIAN_POINT ( 'NONE',  ( -1.209265174683524100, 0.1573674733159582100, -0.7374999999999998200 ) ) ;
#528 = CARTESIAN_POINT ( 'NONE',  ( -0.5000000000000000000, 1.399999999999999900, -1.200000000000000000 ) ) ;
#529 = FILL_AREA_STYLE ('',( #799 ) ) ;
#530 = EDGE_CURVE ( 'NONE', #1285, #1217, #963, .T. ) ;
#531 = VERTEX_POINT ( 'NONE', #1256 ) ;
#532 = EDGE_CURVE ( 'NONE', #383, #700, #370, .T. ) ;
#533 = DIRECTION ( 'NONE',  ( 1.000000000000000000, -0.0000000000000000000, -0.0000000000000000000 ) ) ;
#534 = ORIENTED_EDGE ( 'NONE', *, *, #708, .T. ) ;
#535 = VERTEX_POINT ( 'NONE', #33 ) ;
#536 = PLANE ( 'NONE',  #666 ) ;
#537 = CARTESIAN_POINT ( 'NONE',  ( -1.095344209295148600, 0.9122676961536098100, -0.7374999999999998200 ) ) ;
#538 = CIRCLE ( 'NONE', #1537, 0.1000000000000000500 ) ;
#539 = CARTESIAN_POINT ( 'NONE',  ( 0.9369013182964971400, 0.9000000000000000200, 0.2125000000000001300 ) ) ;
#540 = LINE ( 'NONE', #406, #705 ) ;
#541 = DIRECTION ( 'NONE',  ( 0.1391731009600662200, 0.9902680687415702500, -0.0000000000000000000 ) ) ;
#542 = FACE_OUTER_BOUND ( 'NONE', #214, .T. ) ;
#543 = LINE ( 'NONE', #1429, #140 ) ;
#544 = DIRECTION ( 'NONE',  ( -1.000000000000000000, 0.0000000000000000000, 0.0000000000000000000 ) ) ;
#545 = ADVANCED_FACE ( 'NONE', ( #1641 ), #1235, .T. ) ;
#546 = CARTESIAN_POINT ( 'NONE',  ( -1.209265174683524100, 0.1573674733159582100, 0.7375000000000000400 ) ) ;
#547 = AXIS2_PLACEMENT_3D ( 'NONE', #548, #1373, #955 ) ;
#548 = CARTESIAN_POINT ( 'NONE',  ( 1.210136732111000600, 0.1673294202968756100, 0.2125000000000001300 ) ) ;
#549 = VECTOR ( 'NONE', #245, 1000.000000000000000 ) ;
#550 = DIRECTION ( 'NONE',  ( 0.0000000000000000000, -0.0000000000000000000, -1.000000000000000000 ) ) ;
#551 = VECTOR ( 'NONE', #1295, 1000.000000000000000 ) ;
#552 = ORIENTED_EDGE ( 'NONE', *, *, #1328, .F. ) ;
#553 = ORIENTED_EDGE ( 'NONE', *, *, #481, .F. ) ;
#554 = DIRECTION ( 'NONE',  ( -0.0000000000000000000, -0.0000000000000000000, -1.000000000000000000 ) ) ;
#555 = ADVANCED_FACE ( 'NONE', ( #1784 ), #576, .F. ) ;
#556 = VERTEX_POINT ( 'NONE', #691 ) ;
#557 = ORIENTED_EDGE ( 'NONE', *, *, #1149, .T. ) ;
#558 = VERTEX_POINT ( 'NONE', #1113 ) ;
#559 = MECHANICAL_DESIGN_GEOMETRIC_PRESENTATION_REPRESENTATION (  '', ( #1644 ), #1674 ) ;
#560 = ORIENTED_EDGE ( 'NONE', *, *, #1304, .T. ) ;
#561 = ORIENTED_EDGE ( 'NONE', *, *, #449, .T. ) ;
#562 = CARTESIAN_POINT ( 'NONE',  ( 0.7289188747946412400, 1.050000000000000000, 0.2125000000000001300 ) ) ;
#563 = DIRECTION ( 'NONE',  ( 0.0000000000000000000, -0.0000000000000000000, -1.000000000000000000 ) ) ;
#564 = EDGE_LOOP ( 'NONE', ( #127, #1020, #718, #410 ) ) ;
#565 = DIRECTION ( 'NONE',  ( 0.0000000000000000000, 0.0000000000000000000, 1.000000000000000000 ) ) ;
#566 = VECTOR ( 'NONE', #1501, 1000.000000000000000 ) ;
#567 = DIRECTION ( 'NONE',  ( 0.0000000000000000000, 1.000000000000000000, 0.0000000000000000000 ) ) ;
#568 = CIRCLE ( 'NONE', #1626, 0.1000000000000000500 ) ;
#569 = ADVANCED_FACE ( 'NONE', ( #145 ), #293, .F. ) ;
#570 = CYLINDRICAL_SURFACE ( 'NONE', #699, 0.009999999999999918700 ) ;
#571 = EDGE_CURVE ( 'NONE', #383, #1496, #881, .T. ) ;
#572 = EDGE_CURVE ( 'NONE', #820, #1410, #44, .T. ) ;
#573 = DIRECTION ( 'NONE',  ( 0.0000000000000000000, 1.000000000000000000, 0.0000000000000000000 ) ) ;
#574 = APPLICATION_PROTOCOL_DEFINITION ( 'draft international standard', 'automotive_design', 1998, #27 ) ;
#575 = ADVANCED_FACE ( 'NONE', ( #813, #404 ), #1203, .F. ) ;
#576 = PLANE ( 'NONE',  #1709 ) ;
#577 = EDGE_LOOP ( 'NONE', ( #717, #860, #656, #1432, #237, #823, #1710, #1452, #1200, #175, #824, #131 ) ) ;
#578 = MANIFOLD_SOLID_BREP ( 'LPattern1[3]', #1037 ) ;
#579 = DIRECTION ( 'NONE',  ( 0.0000000000000000000, 0.0000000000000000000, 1.000000000000000000 ) ) ;
#580 = ORIENTED_EDGE ( 'NONE', *, *, #1052, .F. ) ;
#581 = ORIENTED_EDGE ( 'NONE', *, *, #750, .T. ) ;
#582 = ORIENTED_EDGE ( 'NONE', *, *, #1383, .T. ) ;
#583 = CARTESIAN_POINT ( 'NONE',  ( -0.9369013182964971400, 0.8899999999999999000, -0.7374999999999998200 ) ) ;
#584 = ORIENTED_EDGE ( 'NONE', *, *, #1341, .T. ) ;
#585 = AXIS2_PLACEMENT_3D ( 'NONE', #1137, #418, #684 ) ;
#586 = DIRECTION ( 'NONE',  ( -1.000000000000000000, 0.0000000000000000000, 0.0000000000000000000 ) ) ;
#587 = ORIENTED_EDGE ( 'NONE', *, *, #792, .T. ) ;
#588 = VECTOR ( 'NONE', #299, 1000.000000000000100 ) ;
#589 = LINE ( 'NONE', #1173, #1124 ) ;
#590 = CARTESIAN_POINT ( 'NONE',  ( -0.7500000000000000000, 0.9000000000000000200, -0.7374999999999998200 ) ) ;
#591 = DIRECTION ( 'NONE',  ( 1.000000000000000000, 0.0000000000000000000, -0.0000000000000000000 ) ) ;
#592 = EDGE_CURVE ( 'NONE', #535, #408, #1604, .T. ) ;
#593 = LINE ( 'NONE', #330, #1375 ) ;
#594 = DIRECTION ( 'NONE',  ( 0.1378445374916289200, -0.9808148484639890300, -0.1378445374916289200 ) ) ;
#595 = CIRCLE ( 'NONE', #1566, 0.1600000000000000900 ) ;
#596 = DIRECTION ( 'NONE',  ( 0.1378445374916289200, 0.9808148484639890300, -0.1378445374916289200 ) ) ;
#597 = DIRECTION ( 'NONE',  ( -1.000000000000000000, 0.0000000000000000000, 0.0000000000000000000 ) ) ;
#598 = ORIENTED_EDGE ( 'NONE', *, *, #85, .F. ) ;
#599 = ORIENTED_EDGE ( 'NONE', *, *, #1739, .F. ) ;
#600 = VERTEX_POINT ( 'NONE', #391 ) ;
#601 = VERTEX_POINT ( 'NONE', #946 ) ;
#602 = CARTESIAN_POINT ( 'NONE',  ( -1.300000000000000000, 0.1494292047137618700, -0.7374999999999998200 ) ) ;
#603 = VERTEX_POINT ( 'NONE', #789 ) ;
#604 = DIRECTION ( 'NONE',  ( 0.0000000000000000000, 0.0000000000000000000, 1.000000000000000000 ) ) ;
#605 = DIRECTION ( 'NONE',  ( 0.0000000000000000000, 1.000000000000000000, 0.0000000000000000000 ) ) ;
#606 = EDGE_CURVE ( 'NONE', #455, #1040, #1677, .T. ) ;
#607 = AXIS2_PLACEMENT_3D ( 'NONE', #241, #496, #633 ) ;
#608 = CARTESIAN_POINT ( 'NONE',  ( 1.200234051423585000, 0.1659376892872747900, 0.2125000000000001300 ) ) ;
#609 = LINE ( 'NONE', #1067, #317 ) ;
#610 = DIRECTION ( 'NONE',  ( -0.0000000000000000000, -0.0000000000000000000, -1.000000000000000000 ) ) ;
#611 = VECTOR ( 'NONE', #1130, 1000.000000000000000 ) ;
#612 = DIRECTION ( 'NONE',  ( 0.0000000000000000000, 0.0000000000000000000, 1.000000000000000000 ) ) ;
#613 = AXIS2_PLACEMENT_3D ( 'NONE', #1607, #1201, #766 ) ;
#614 = DIRECTION ( 'NONE',  ( 1.000000000000000000, -0.0000000000000000000, -0.0000000000000000000 ) ) ;
#615 = CARTESIAN_POINT ( 'NONE',  ( 1.210136732111000600, 0.1673294202968756100, 0.2125000000000001300 ) ) ;
#616 = AXIS2_PLACEMENT_3D ( 'NONE', #1145, #64, #326 ) ;
#617 = EDGE_LOOP ( 'NONE', ( #311, #696, #390, #1060 ) ) ;
#618 = EDGE_LOOP ( 'NONE', ( #1748, #1554, #1681, #930 ) ) ;
#619 = DIRECTION ( 'NONE',  ( -0.0000000000000000000, -0.0000000000000000000, -1.000000000000000000 ) ) ;
#620 = ORIENTED_EDGE ( 'NONE', *, *, #1209, .T. ) ;
#621 = ORIENTED_EDGE ( 'NONE', *, *, #606, .T. ) ;
#622 = CARTESIAN_POINT ( 'NONE',  ( -1.095344209295148600, 0.9122676961536098100, -1.162499999999999900 ) ) ;
#623 = EDGE_CURVE ( 'NONE', #797, #91, #251, .T. ) ;
#624 = CARTESIAN_POINT ( 'NONE',  ( 1.210136732111000600, 0.1673294202968756100, -0.2124999999999999100 ) ) ;
#625 = EDGE_CURVE ( 'NONE', #603, #430, #1588, .T. ) ;
#626 = CIRCLE ( 'NONE', #1399, 0.1599999999999997800 ) ;
#627 = FACE_OUTER_BOUND ( 'NONE', #617, .T. ) ;
#628 = VERTEX_POINT ( 'NONE', #925 ) ;
#629 = VECTOR ( 'NONE', #554, 1000.000000000000000 ) ;
#630 = CARTESIAN_POINT ( 'NONE',  ( -0.7500000000000000000, 0.9000000000000000200, -1.162499999999999900 ) ) ;
#631 = DIRECTION ( 'NONE',  ( -1.000000000000000000, 0.0000000000000000000, 0.0000000000000000000 ) ) ;
#632 = AXIS2_PLACEMENT_3D ( 'NONE', #1788, #429, #1653 ) ;
#633 = DIRECTION ( 'NONE',  ( 0.0000000000000000000, 0.0000000000000000000, 1.000000000000000000 ) ) ;
#634 = LINE ( 'NONE', #362, #1326 ) ;
#635 = AXIS2_PLACEMENT_3D ( 'NONE', #790, #669, #271 ) ;
#636 = ORIENTED_EDGE ( 'NONE', *, *, #1043, .F. ) ;
#637 = VERTEX_POINT ( 'NONE', #1082 ) ;
#638 = FILL_AREA_STYLE_COLOUR ( '', #1254 ) ;
#639 = ORIENTED_EDGE ( 'NONE', *, *, #48, .T. ) ;
#640 = ORIENTED_EDGE ( 'NONE', *, *, #1249, .F. ) ;
#641 = VERTEX_POINT ( 'NONE', #1197 ) ;
#642 = CARTESIAN_POINT ( 'NONE',  ( -1.095344209295148600, 0.9122676961536098100, -0.7374999999999998200 ) ) ;
#643 = SURFACE_STYLE_USAGE ( .BOTH. , #513 ) ;
#644 = VECTOR ( 'NONE', #236, 1000.000000000000000 ) ;
#645 = LINE ( 'NONE', #1302, #747 ) ;
#646 = FACE_OUTER_BOUND ( 'NONE', #1704, .T. ) ;
#647 = FACE_OUTER_BOUND ( 'NONE', #476, .T. ) ;
#648 = EDGE_CURVE ( 'NONE', #1770, #1062, #1510, .T. ) ;
#649 = EDGE_CURVE ( 'NONE', #432, #1064, #1350, .T. ) ;
#650 = ORIENTED_EDGE ( 'NONE', *, *, #1138, .F. ) ;
#651 = CARTESIAN_POINT ( 'NONE',  ( -0.7500000000000000000, 0.9000000000000000200, -1.450000000000000000 ) ) ;
#652 = ORIENTED_EDGE ( 'NONE', *, *, #1424, .T. ) ;
#653 = ORIENTED_EDGE ( 'NONE', *, *, #742, .F. ) ;
#654 = ADVANCED_FACE ( 'NONE', ( #1213 ), #658, .T. ) ;
#655 = ORIENTED_EDGE ( 'NONE', *, *, #708, .F. ) ;
#656 = ORIENTED_EDGE ( 'NONE', *, *, #1043, .T. ) ;
#657 = PLANE ( 'NONE',  #694 ) ;
#658 = PLANE ( 'NONE',  #1387 ) ;
#659 = CARTESIAN_POINT ( 'NONE',  ( -1.051693841112349500, 0.1450617241432651800, -0.7374999999999998200 ) ) ;
#660 = LINE ( 'NONE', #1609, #744 ) ;
#661 =( NAMED_UNIT ( * ) SI_UNIT ( $, .STERADIAN. ) SOLID_ANGLE_UNIT ( ) );
#662 = FACE_OUTER_BOUND ( 'NONE', #1451, .T. ) ;
#663 = LINE ( 'NONE', #728, #875 ) ;
#664 = DIRECTION ( 'NONE',  ( -0.1391731009600662200, 0.9902680687415702500, 0.0000000000000000000 ) ) ;
#665 = VECTOR ( 'NONE', #1665, 1000.000000000000000 ) ;
#666 = AXIS2_PLACEMENT_3D ( 'NONE', #149, #1515, #285 ) ;
#667 = PLANE ( 'NONE',  #1323 ) ;
#668 = LINE ( 'NONE', #1581, #551 ) ;
#669 = DIRECTION ( 'NONE',  ( 0.0000000000000000000, -0.0000000000000000000, -1.000000000000000000 ) ) ;
#670 = ADVANCED_FACE ( 'NONE', ( #1164 ), #667, .F. ) ;
#671 =( LENGTH_UNIT ( ) NAMED_UNIT ( * ) SI_UNIT ( .MILLI., .METRE. ) );
#672 = EDGE_CURVE ( 'NONE', #1770, #5, #1262, .T. ) ;
#673 = ORIENTED_EDGE ( 'NONE', *, *, #21, .F. ) ;
#674 = ORIENTED_EDGE ( 'NONE', *, *, #1341, .F. ) ;
#675 = AXIS2_PLACEMENT_3D ( 'NONE', #76, #1166, #1012 ) ;
#676 = PLANE ( 'NONE',  #1671 ) ;
#677 = ORIENTED_EDGE ( 'NONE', *, *, #1777, .F. ) ;
#678 = ORIENTED_EDGE ( 'NONE', *, *, #625, .T. ) ;
#679 = SURFACE_STYLE_USAGE ( .BOTH. , #1280 ) ;
#680 = MANIFOLD_SOLID_BREP ( 'Boss-Extrude6', #327 ) ;
#681 = ORIENTED_EDGE ( 'NONE', *, *, #413, .F. ) ;
#682 = CARTESIAN_POINT ( 'NONE',  ( -1.300000000000000000, 0.1494292047137618700, -1.162499999999999900 ) ) ;
#683 = CARTESIAN_POINT ( 'NONE',  ( -1.286926638587851300, 1.435196206782128400E-016, 1.162500000000000100 ) ) ;
#684 = DIRECTION ( 'NONE',  ( 0.0000000000000000000, -0.9902680687415703600, -0.1391731009600657400 ) ) ;
#685 = DIRECTION ( 'NONE',  ( 0.0000000000000000000, 0.0000000000000000000, 1.000000000000000000 ) ) ;
#686 = VECTOR ( 'NONE', #664, 999.9999999999998900 ) ;
#687 = EDGE_CURVE ( 'NONE', #1408, #1496, #990, .T. ) ;
#688 = AXIS2_PLACEMENT_3D ( 'NONE', #562, #1465, #1032 ) ;
#689 = CARTESIAN_POINT ( 'NONE',  ( 0.7289188747946412400, 1.050000000000000000, 0.2125000000000001300 ) ) ;
#690 = LINE ( 'NONE', #7, #731 ) ;
#691 = CARTESIAN_POINT ( 'NONE',  ( -0.7500000000000000000, 0.9000000000000000200, 1.450000000000000000 ) ) ;
#692 = CYLINDRICAL_SURFACE ( 'NONE', #1518, 0.1599999999999999800 ) ;
#693 = ORIENTED_EDGE ( 'NONE', *, *, #828, .T. ) ;
#694 = AXIS2_PLACEMENT_3D ( 'NONE', #521, #375, #1338 ) ;
#695 = EDGE_LOOP ( 'NONE', ( #283, #1114, #155, #109 ) ) ;
#696 = ORIENTED_EDGE ( 'NONE', *, *, #1534, .F. ) ;
#697 = ORIENTED_EDGE ( 'NONE', *, *, #862, .F. ) ;
#698 = CARTESIAN_POINT ( 'NONE',  ( 1.300000000000000000, 0.1494292047137618700, 0.2125000000000001300 ) ) ;
#699 = AXIS2_PLACEMENT_3D ( 'NONE', #1127, #1712, #1438 ) ;
#700 = VERTEX_POINT ( 'NONE', #719 ) ;
#701 = EDGE_LOOP ( 'NONE', ( #112, #1548, #868, #332 ) ) ;
#702 = SURFACE_SIDE_STYLE ('',( #337 ) ) ;
#703 = CARTESIAN_POINT ( 'NONE',  ( -0.9369013182964971400, 0.8899999999999999000, 0.7375000000000000400 ) ) ;
#704 = CARTESIAN_POINT ( 'NONE',  ( -1.210136732111000600, 0.1673294202968756100, 0.7375000000000000400 ) ) ;
#705 = VECTOR ( 'NONE', #150, 1000.000000000000000 ) ;
#706 = VECTOR ( 'NONE', #594, 1000.000000000000100 ) ;
#707 = VECTOR ( 'NONE', #1389, 1000.000000000000000 ) ;
#708 = EDGE_CURVE ( 'NONE', #1285, #1632, #224, .T. ) ;
#709 = ADVANCED_FACE ( 'NONE', ( #898 ), #1133, .T. ) ;
#710 = EDGE_CURVE ( 'NONE', #170, #258, #593, .T. ) ;
#711 = DIRECTION ( 'NONE',  ( 0.9961946980917456600, 0.08715574274765766600, -0.0000000000000000000 ) ) ;
#712 = VECTOR ( 'NONE', #796, 1000.000000000000000 ) ;
#713 = CARTESIAN_POINT ( 'NONE',  ( -0.5000000000000000000, 1.399999999999999900, -1.099999999999999900 ) ) ;
#714 = LINE ( 'NONE', #1181, #732 ) ;
#715 = EDGE_LOOP ( 'NONE', ( #1163, #580, #934, #158 ) ) ;
#716 = DIRECTION ( 'NONE',  ( 0.0000000000000000000, 1.000000000000000000, -0.0000000000000000000 ) ) ;
#717 = ORIENTED_EDGE ( 'NONE', *, *, #1342, .T. ) ;
#718 = ORIENTED_EDGE ( 'NONE', *, *, #887, .T. ) ;
#719 = CARTESIAN_POINT ( 'NONE',  ( -0.9369013182964971400, 1.050000000000000000, 1.162500000000000100 ) ) ;
#720 = VERTEX_POINT ( 'NONE', #1435 ) ;
#721 = AXIS2_PLACEMENT_3D ( 'NONE', #1393, #6, #1378 ) ;
#722 = AXIS2_PLACEMENT_3D ( 'NONE', #803, #134, #685 ) ;
#723 = PLANE ( 'NONE',  #221 ) ;
#724 = ORIENTED_EDGE ( 'NONE', *, *, #262, .T. ) ;
#725 = CARTESIAN_POINT ( 'NONE',  ( 0.9369013182964971400, 0.8899999999999999000, 0.2125000000000001300 ) ) ;
#726 = VECTOR ( 'NONE', #1077, 1000.000000000000100 ) ;
#727 = LINE ( 'NONE', #1272, #400 ) ;
#728 = CARTESIAN_POINT ( 'NONE',  ( -0.7500000000000000000, 0.9000000000000000200, 1.162500000000000100 ) ) ;
#729 = DIRECTION ( 'NONE',  ( 0.1391731009600659400, -0.9902680687415702500, 0.0000000000000000000 ) ) ;
#730 = CARTESIAN_POINT ( 'NONE',  ( -1.210136732111000600, 0.1673294202968756100, 1.162500000000000100 ) ) ;
#731 = VECTOR ( 'NONE', #277, 1000.000000000000100 ) ;
#732 = VECTOR ( 'NONE', #1337, 1000.000000000000000 ) ;
#733 = DIRECTION ( 'NONE',  ( -0.0000000000000000000, -0.0000000000000000000, -1.000000000000000000 ) ) ;
#734 = ORIENTED_EDGE ( 'NONE', *, *, #136, .T. ) ;
#735 = CARTESIAN_POINT ( 'NONE',  ( -1.300000000000000000, 0.1494292047137618700, -1.162499999999999900 ) ) ;
#736 = ORIENTED_EDGE ( 'NONE', *, *, #769, .T. ) ;
#737 = ORIENTED_EDGE ( 'NONE', *, *, #83, .T. ) ;
#738 = EDGE_LOOP ( 'NONE', ( #652, #739, #861, #997 ) ) ;
#739 = ORIENTED_EDGE ( 'NONE', *, *, #852, .F. ) ;
#740 = EDGE_CURVE ( 'NONE', #189, #92, #855, .T. ) ;
#741 = CARTESIAN_POINT ( 'NONE',  ( -1.051693841112349500, 0.1450617241432651800, 1.162500000000000100 ) ) ;
#742 = EDGE_CURVE ( 'NONE', #1539, #531, #970, .T. ) ;
#743 = CARTESIAN_POINT ( 'NONE',  ( -1.300000000000000000, 0.1494292047137618700, 1.162500000000000100 ) ) ;
#744 = VECTOR ( 'NONE', #767, 1000.000000000000000 ) ;
#745 = LINE ( 'NONE', #1058, #244 ) ;
#746 = DIRECTION ( 'NONE',  ( -0.9902680687415703600, -0.1391731009600652700, 0.0000000000000000000 ) ) ;
#747 = VECTOR ( 'NONE', #1022, 1000.000000000000200 ) ;
#748 = CYLINDRICAL_SURFACE ( 'NONE', #402, 0.1000000000000000500 ) ;
#749 = CARTESIAN_POINT ( 'NONE',  ( 1.196191813271375400, 0.007938268602196506300, 0.2125000000000001300 ) ) ;
#750 = EDGE_CURVE ( 'NONE', #905, #535, #1444, .T. ) ;
#751 = COLOUR_RGB ( '',0.7921568627450980000, 0.8196078431372548800, 0.9333333333333333500 ) ;
#752 = MECHANICAL_DESIGN_GEOMETRIC_PRESENTATION_REPRESENTATION (  '', ( #1283 ), #114 ) ;
#753 = CARTESIAN_POINT ( 'NONE',  ( -1.200234051423585000, 0.1659376892872747900, 0.7375000000000000400 ) ) ;
#754 = CIRCLE ( 'NONE', #1722, 0.01000000000000002600 ) ;
#755 = CARTESIAN_POINT ( 'NONE',  ( -0.7500000000000000000, 0.9000000000000000200, 1.450000000000000000 ) ) ;
#756 = EDGE_LOOP ( 'NONE', ( #305, #130, #1727, #280 ) ) ;
#757 = DIRECTION ( 'NONE',  ( -0.1391731009600662200, 0.9902680687415702500, 0.0000000000000000000 ) ) ;
#758 = ORIENTED_EDGE ( 'NONE', *, *, #961, .F. ) ;
#759 = CARTESIAN_POINT ( 'NONE',  ( -0.9369013182964971400, 0.8899999999999999000, -1.162499999999999900 ) ) ;
#760 = EDGE_CURVE ( 'NONE', #331, #1189, #690, .T. ) ;
#761 = CARTESIAN_POINT ( 'NONE',  ( -0.5000000000000000000, 1.300000000000000000, -1.300000000000000000 ) ) ;
#762 = AXIS2_PLACEMENT_3D ( 'NONE', #377, #100, #223 ) ;
#763 = PLANE ( 'NONE',  #1471 ) ;
#764 = VECTOR ( 'NONE', #866, 1000.000000000000000 ) ;
#765 = CARTESIAN_POINT ( 'NONE',  ( -0.7500000000000000000, 0.9000000000000000200, -1.450000000000000000 ) ) ;
#766 = DIRECTION ( 'NONE',  ( -0.1391731009600662200, -0.9902680687415702500, 0.0000000000000000000 ) ) ;
#767 = DIRECTION ( 'NONE',  ( 0.1391731009600659400, 0.9902680687415702500, -0.0000000000000000000 ) ) ;
#768 = FACE_OUTER_BOUND ( 'NONE', #1307, .T. ) ;
#769 = EDGE_CURVE ( 'NONE', #1021, #1333, #18, .T. ) ;
#770 = VECTOR ( 'NONE', #873, 1000.000000000000000 ) ;
#771 = CARTESIAN_POINT ( 'NONE',  ( -0.7289188747946412400, 1.050000000000000000, 0.7375000000000000400 ) ) ;
#772 = AXIS2_PLACEMENT_3D ( 'NONE', #366, #780, #1478 ) ;
#773 = VERTEX_POINT ( 'NONE', #1278 ) ;
#774 = VERTEX_POINT ( 'NONE', #1396 ) ;
#775 = ORIENTED_EDGE ( 'NONE', *, *, #62, .T. ) ;
#776 = EDGE_LOOP ( 'NONE', ( #1591, #674, #1334, #775 ) ) ;
#777 = PLANE ( 'NONE',  #781 ) ;
#778 = ORIENTED_EDGE ( 'NONE', *, *, #168, .F. ) ;
#779 = ORIENTED_EDGE ( 'NONE', *, *, #200, .T. ) ;
#780 = DIRECTION ( 'NONE',  ( -0.0000000000000000000, 0.0000000000000000000, 1.000000000000000000 ) ) ;
#781 = AXIS2_PLACEMENT_3D ( 'NONE', #394, #1054, #508 ) ;
#782 = FILL_AREA_STYLE ('',( #638 ) ) ;
#783 = ADVANCED_FACE ( 'NONE', ( #1400 ), #47, .F. ) ;
#784 = MECHANICAL_DESIGN_GEOMETRIC_PRESENTATION_REPRESENTATION (  '', ( #40 ), #880 ) ;
#785 = CARTESIAN_POINT ( 'NONE',  ( 0.0000000000000000000, 1.399999999999999900, 0.0000000000000000000 ) ) ;
#786 = VECTOR ( 'NONE', #968, 1000.000000000000000 ) ;
#787 = VECTOR ( 'NONE', #1732, 1000.000000000000000 ) ;
#788 = CIRCLE ( 'NONE', #517, 0.1599999999999997800 ) ;
#789 = CARTESIAN_POINT ( 'NONE',  ( -0.9369013182964971400, 1.050000000000000000, 0.7375000000000000400 ) ) ;
#790 = CARTESIAN_POINT ( 'NONE',  ( 0.9369013182964971400, 0.8899999999999999000, 0.2125000000000001300 ) ) ;
#791 = CARTESIAN_POINT ( 'NONE',  ( -0.9369013182964971400, 0.9000000000000000200, 1.162500000000000100 ) ) ;
#792 = EDGE_CURVE ( 'NONE', #601, #628, #1055, .T. ) ;
#793 = LINE ( 'NONE', #1009, #379 ) ;
#794 = EDGE_CURVE ( 'NONE', #1064, #1610, #1488, .T. ) ;
#795 = DIRECTION ( 'NONE',  ( 1.000000000000000000, 0.0000000000000000000, 0.0000000000000000000 ) ) ;
#796 = DIRECTION ( 'NONE',  ( -0.0000000000000000000, -0.0000000000000000000, -1.000000000000000000 ) ) ;
#797 = VERTEX_POINT ( 'NONE', #1561 ) ;
#798 = ORIENTED_EDGE ( 'NONE', *, *, #1383, .F. ) ;
#799 = FILL_AREA_STYLE_COLOUR ( '', #1121 ) ;
#800 = ADVANCED_FACE ( 'NONE', ( #768 ), #278, .F. ) ;
#801 = DIRECTION ( 'NONE',  ( 0.0000000000000000000, 1.000000000000000000, 0.0000000000000000000 ) ) ;
#802 = DIRECTION ( 'NONE',  ( 0.0000000000000000000, -0.0000000000000000000, -1.000000000000000000 ) ) ;
#803 = CARTESIAN_POINT ( 'NONE',  ( -0.5000000000000000000, 1.300000000000000000, -1.200000000000000000 ) ) ;
#804 = AXIS2_PLACEMENT_3D ( 'NONE', #288, #1236, #1668 ) ;
#805 = DIRECTION ( 'NONE',  ( 0.0000000000000000000, -0.9902680687415703600, 0.1391731009600657400 ) ) ;
#806 = VECTOR ( 'NONE', #1786, 1000.000000000000000 ) ;
#807 = LINE ( 'NONE', #480, #764 ) ;
#808 = AXIS2_PLACEMENT_3D ( 'NONE', #703, #43, #173 ) ;
#809 = DIRECTION ( 'NONE',  ( -0.0000000000000000000, -0.0000000000000000000, -1.000000000000000000 ) ) ;
#810 = CARTESIAN_POINT ( 'NONE',  ( 0.7500000000000000000, 0.9000000000000000200, 1.450000000000000000 ) ) ;
#811 = ADVANCED_FACE ( 'NONE', ( #1008 ), #152, .T. ) ;
#812 = PLANE ( 'NONE',  #74 ) ;
#813 = FACE_BOUND ( 'NONE', #1057, .T. ) ;
#814 = CARTESIAN_POINT ( 'NONE',  ( -0.7289188747946412400, 1.050000000000000000, -0.7374999999999998200 ) ) ;
#815 = CARTESIAN_POINT ( 'NONE',  ( -1.196191813271375400, 0.007938268602196506300, -0.7374999999999998200 ) ) ;
#816 = VECTOR ( 'NONE', #757, 999.9999999999998900 ) ;
#817 = DIRECTION ( 'NONE',  ( -0.9902680687415703600, -0.1391731009600657400, 0.0000000000000000000 ) ) ;
#818 = AXIS2_PLACEMENT_3D ( 'NONE', #1010, #67, #1004 ) ;
#819 = DIRECTION ( 'NONE',  ( -0.0000000000000000000, -0.0000000000000000000, -1.000000000000000000 ) ) ;
#820 = VERTEX_POINT ( 'NONE', #1700 ) ;
#821 = AXIS2_PLACEMENT_3D ( 'NONE', #743, #1157, #1449 ) ;
#822 = CARTESIAN_POINT ( 'NONE',  ( 1.210136732111000600, 0.1673294202968756100, -0.2124999999999999100 ) ) ;
#823 = ORIENTED_EDGE ( 'NONE', *, *, #21, .T. ) ;
#824 = ORIENTED_EDGE ( 'NONE', *, *, #505, .T. ) ;
#825 = EDGE_LOOP ( 'NONE', ( #344, #655, #1309, #1437 ) ) ;
#826 = DIRECTION ( 'NONE',  ( -0.0000000000000000000, -0.0000000000000000000, -1.000000000000000000 ) ) ;
#827 =( LENGTH_UNIT ( ) NAMED_UNIT ( * ) SI_UNIT ( .MILLI., .METRE. ) );
#828 = EDGE_CURVE ( 'NONE', #191, #170, #422, .T. ) ;
#829 = VECTOR ( 'NONE', #920, 1000.000000000000200 ) ;
#830 = ADVANCED_FACE ( 'NONE', ( #1282 ), #692, .T. ) ;
#831 = EDGE_CURVE ( 'NONE', #628, #154, #1764, .T. ) ;
#832 = CARTESIAN_POINT ( 'NONE',  ( -1.210136732111000600, 0.1673294202968756100, -0.7374999999999998200 ) ) ;
#833 = LINE ( 'NONE', #174, #484 ) ;
#834 = LINE ( 'NONE', #810, #1125 ) ;
#835 = DIRECTION ( 'NONE',  ( -0.0000000000000000000, 0.0000000000000000000, 1.000000000000000000 ) ) ;
#836 = CARTESIAN_POINT ( 'NONE',  ( -0.9369013182964971400, 0.8899999999999999000, 1.162500000000000100 ) ) ;
#837 = CARTESIAN_POINT ( 'NONE',  ( -0.5000000000000000000, 1.399999999999999900, -1.300000000000000000 ) ) ;
#838 = DIRECTION ( 'NONE',  ( 1.000000000000000000, 0.0000000000000000000, 0.0000000000000000000 ) ) ;
#839 = ADVANCED_FACE ( 'NONE', ( #1606 ), #467, .F. ) ;
#840 = ORIENTED_EDGE ( 'NONE', *, *, #125, .F. ) ;
#841 = CARTESIAN_POINT ( 'NONE',  ( 0.9369013182964971400, 0.8899999999999999000, 0.2125000000000001300 ) ) ;
#842 = ORIENTED_EDGE ( 'NONE', *, *, #353, .T. ) ;
#843 = ORIENTED_EDGE ( 'NONE', *, *, #961, .T. ) ;
#844 = EDGE_CURVE ( 'NONE', #929, #411, #1765, .T. ) ;
#845 = ORIENTED_EDGE ( 'NONE', *, *, #448, .F. ) ;
#846 = DIRECTION ( 'NONE',  ( -0.9902680687415702500, 0.1391731009600662200, 0.0000000000000000000 ) ) ;
#847 = DIRECTION ( 'NONE',  ( -0.0000000000000000000, -0.0000000000000000000, -1.000000000000000000 ) ) ;
#848 = CIRCLE ( 'NONE', #1006, 0.1000000000000000500 ) ;
#849 = LINE ( 'NONE', #13, #1003 ) ;
#850 = VECTOR ( 'NONE', #1136, 1000.000000000000000 ) ;
#851 = LINE ( 'NONE', #1036, #1525 ) ;
#852 = EDGE_CURVE ( 'NONE', #1476, #1246, #1723, .T. ) ;
#853 = EDGE_LOOP ( 'NONE', ( #157, #561 ) ) ;
#854 = CARTESIAN_POINT ( 'NONE',  ( -0.9468039989839128800, 0.8913917310096005600, -1.162499999999999900 ) ) ;
#855 = LINE ( 'NONE', #1244, #502 ) ;
#856 = CARTESIAN_POINT ( 'NONE',  ( -0.7289188747946412400, 1.050000000000000000, 0.7375000000000000400 ) ) ;
#857 = DIRECTION ( 'NONE',  ( -0.0000000000000000000, 0.0000000000000000000, 1.000000000000000000 ) ) ;
#858 = LINE ( 'NONE', #493, #503 ) ;
#859 = CARTESIAN_POINT ( 'NONE',  ( 1.209265174683524100, 0.1573674733159582100, 0.2125000000000001300 ) ) ;
#860 = ORIENTED_EDGE ( 'NONE', *, *, #532, .T. ) ;
#861 = ORIENTED_EDGE ( 'NONE', *, *, #867, .F. ) ;
#862 = EDGE_CURVE ( 'NONE', #153, #455, #793, .T. ) ;
#863 = EDGE_LOOP ( 'NONE', ( #1593, #227, #907, #1608 ) ) ;
#864 = DIRECTION ( 'NONE',  ( 0.0000000000000000000, 1.000000000000000000, 0.0000000000000000000 ) ) ;
#865 = ORIENTED_EDGE ( 'NONE', *, *, #794, .F. ) ;
#866 = DIRECTION ( 'NONE',  ( -1.000000000000000000, -0.0000000000000000000, -0.0000000000000000000 ) ) ;
#867 = EDGE_CURVE ( 'NONE', #1245, #1476, #754, .T. ) ;
#868 = ORIENTED_EDGE ( 'NONE', *, *, #298, .F. ) ;
#869 = ORIENTED_EDGE ( 'NONE', *, *, #1413, .F. ) ;
#870 = AXIS2_PLACEMENT_3D ( 'NONE', #1346, #133, #122 ) ;
#871 = EDGE_LOOP ( 'NONE', ( #1352, #1131, #1613, #587 ) ) ;
#872 = DIRECTION ( 'NONE',  ( 0.0000000000000000000, 0.0000000000000000000, 1.000000000000000000 ) ) ;
#873 = DIRECTION ( 'NONE',  ( 0.0000000000000000000, -0.0000000000000000000, -1.000000000000000000 ) ) ;
#874 = CIRCLE ( 'NONE', #1398, 0.1600000000000000900 ) ;
#875 = VECTOR ( 'NONE', #1269, 1000.000000000000000 ) ;
#876 = CARTESIAN_POINT ( 'NONE',  ( -0.5000000000000000000, 1.399999999999999900, -1.300000000000000000 ) ) ;
#877 = FACE_OUTER_BOUND ( 'NONE', #1016, .T. ) ;
#878 = PRODUCT_DEFINITION ( 'UNKNOWN', '', #1190, #1176 ) ;
#879 = DIRECTION ( 'NONE',  ( 1.000000000000000000, -0.0000000000000000000, -0.0000000000000000000 ) ) ;
#880 =( GEOMETRIC_REPRESENTATION_CONTEXT ( 3 ) GLOBAL_UNCERTAINTY_ASSIGNED_CONTEXT ( ( #261 ) ) GLOBAL_UNIT_ASSIGNED_CONTEXT ( ( #1743, #1499, #1490 ) ) REPRESENTATION_CONTEXT ( 'NONE', 'WORKASPACE' ) );
#881 = LINE ( 'NONE', #1372, #1184 ) ;
#882 = DIRECTION ( 'NONE',  ( 0.0000000000000000000, 1.000000000000000000, 0.0000000000000000000 ) ) ;
#883 = EDGE_LOOP ( 'NONE', ( #903, #1555, #1472, #89 ) ) ;
#884 = ORIENTED_EDGE ( 'NONE', *, *, #1306, .F. ) ;
#885 = PLANE ( 'NONE',  #1731 ) ;
#886 = EDGE_LOOP ( 'NONE', ( #1519, #57, #1289, #1196 ) ) ;
#887 = EDGE_CURVE ( 'NONE', #1216, #431, #1702, .T. ) ;
#888 = CARTESIAN_POINT ( 'NONE',  ( 0.9468039989839127600, 0.8913917310096005600, 0.2125000000000001300 ) ) ;
#889 = EDGE_CURVE ( 'NONE', #1539, #195, #1513, .T. ) ;
#890 = CARTESIAN_POINT ( 'NONE',  ( -0.9468039989839128800, 0.8913917310096005600, 1.162500000000000100 ) ) ;
#891 = ORIENTED_EDGE ( 'NONE', *, *, #1718, .F. ) ;
#892 = CIRCLE ( 'NONE', #1139, 0.009999999999999918700 ) ;
#893 = COLOUR_RGB ( '',0.7921568627450980000, 0.8196078431372548800, 0.9333333333333333500 ) ;
#894 = FACE_OUTER_BOUND ( 'NONE', #1356, .T. ) ;
#895 = CIRCLE ( 'NONE', #818, 0.01000000000000002600 ) ;
#896 = EDGE_CURVE ( 'NONE', #232, #1450, #668, .T. ) ;
#897 = CARTESIAN_POINT ( 'NONE',  ( 0.7289188747946412400, 1.050000000000000000, -0.2124999999999999100 ) ) ;
#898 = FACE_OUTER_BOUND ( 'NONE', #1134, .T. ) ;
#899 = AXIS2_PLACEMENT_3D ( 'NONE', #1104, #426, #403 ) ;
#900 = VECTOR ( 'NONE', #1339, 1000.000000000000000 ) ;
#901 = CARTESIAN_POINT ( 'NONE',  ( 0.6797295826488041200, 1.399999999999999900, 0.0000000000000000000 ) ) ;
#902 = VERTEX_POINT ( 'NONE', #741 ) ;
#903 = ORIENTED_EDGE ( 'NONE', *, *, #710, .F. ) ;
#904 = CARTESIAN_POINT ( 'NONE',  ( -1.286926638587851300, 1.435196206782128400E-016, 1.162500000000000100 ) ) ;
#905 = VERTEX_POINT ( 'NONE', #196 ) ;
#906 = ORIENTED_EDGE ( 'NONE', *, *, #1370, .T. ) ;
#907 = ORIENTED_EDGE ( 'NONE', *, *, #844, .F. ) ;
#908 = ORIENTED_EDGE ( 'NONE', *, *, #1149, .F. ) ;
#909 = CARTESIAN_POINT ( 'NONE',  ( -0.9369013182964971400, 0.8899999999999999000, -1.162499999999999900 ) ) ;
#910 = ORIENTED_EDGE ( 'NONE', *, *, #111, .F. ) ;
#911 = ORIENTED_EDGE ( 'NONE', *, *, #572, .F. ) ;
#912 = DIRECTION ( 'NONE',  ( 0.0000000000000000000, 1.000000000000000000, 0.0000000000000000000 ) ) ;
#913 = CARTESIAN_POINT ( 'NONE',  ( -0.9468039989839128800, 0.8913917310096005600, 0.7375000000000000400 ) ) ;
#914 = DIRECTION ( 'NONE',  ( 0.0000000000000000000, -0.0000000000000000000, -1.000000000000000000 ) ) ;
#915 = ORIENTED_EDGE ( 'NONE', *, *, #571, .F. ) ;
#916 = FACE_OUTER_BOUND ( 'NONE', #715, .T. ) ;
#917 = PLANE ( 'NONE',  #762 ) ;
#918 = LINE ( 'NONE', #904, #37 ) ;
#919 = VECTOR ( 'NONE', #1141, 999.9999999999998900 ) ;
#920 = DIRECTION ( 'NONE',  ( -0.9961946980917457700, -0.08715574274765486300, 0.0000000000000000000 ) ) ;
#921 = FILL_AREA_STYLE ('',( #1224 ) ) ;
#922 = DIRECTION ( 'NONE',  ( -0.0000000000000000000, -0.0000000000000000000, -1.000000000000000000 ) ) ;
#923 = EDGE_CURVE ( 'NONE', #432, #70, #1056, .T. ) ;
#924 = EDGE_CURVE ( 'NONE', #637, #774, #1787, .T. ) ;
#925 = CARTESIAN_POINT ( 'NONE',  ( 0.7289188747946412400, 1.050000000000000000, -0.2124999999999999100 ) ) ;
#926 = DIRECTION ( 'NONE',  ( 0.0000000000000000000, 0.0000000000000000000, -1.000000000000000000 ) ) ;
#927 = ORIENTED_EDGE ( 'NONE', *, *, #792, .F. ) ;
#928 = DIRECTION ( 'NONE',  ( 0.0000000000000000000, 0.0000000000000000000, 1.000000000000000000 ) ) ;
#929 = VERTEX_POINT ( 'NONE', #1714 ) ;
#930 = ORIENTED_EDGE ( 'NONE', *, *, #1587, .T. ) ;
#931 = ORIENTED_EDGE ( 'NONE', *, *, #923, .F. ) ;
#932 = ADVANCED_FACE ( 'NONE', ( #226 ), #474, .F. ) ;
#933 = ORIENTED_EDGE ( 'NONE', *, *, #1531, .F. ) ;
#934 = ORIENTED_EDGE ( 'NONE', *, *, #336, .F. ) ;
#935 = DIRECTION ( 'NONE',  ( -0.0000000000000000000, -0.0000000000000000000, -1.000000000000000000 ) ) ;
#936 = DIRECTION ( 'NONE',  ( 0.0000000000000000000, 1.000000000000000000, 0.0000000000000000000 ) ) ;
#937 = CARTESIAN_POINT ( 'NONE',  ( -0.6948967621027848400, 1.292079910539177800, -1.394896762102784600 ) ) ;
#938 = EDGE_CURVE ( 'NONE', #1410, #720, #1552, .T. ) ;
#939 = ORIENTED_EDGE ( 'NONE', *, *, #896, .F. ) ;
#940 = DIRECTION ( 'NONE',  ( 0.0000000000000000000, 0.0000000000000000000, 1.000000000000000000 ) ) ;
#941 = LINE ( 'NONE', #791, #215 ) ;
#942 = CARTESIAN_POINT ( 'NONE',  ( 1.209265174683524100, 0.1573674733159582100, -0.2124999999999999100 ) ) ;
#943 = VECTOR ( 'NONE', #471, 1000.000000000000000 ) ;
#944 = VECTOR ( 'NONE', #453, 1000.000000000000000 ) ;
#945 = DIRECTION ( 'NONE',  ( -1.000000000000000000, 0.0000000000000000000, 0.0000000000000000000 ) ) ;
#946 = CARTESIAN_POINT ( 'NONE',  ( 0.7289188747946412400, 1.050000000000000000, 0.2125000000000001300 ) ) ;
#947 = VECTOR ( 'NONE', #249, 1000.000000000000100 ) ;
#948 = CARTESIAN_POINT ( 'NONE',  ( -1.095344209295148600, 0.9122676961536098100, 0.7375000000000000400 ) ) ;
#949 = EDGE_CURVE ( 'NONE', #1336, #1310, #1105, .T. ) ;
#950 = LINE ( 'NONE', #225, #992 ) ;
#951 = EDGE_CURVE ( 'NONE', #973, #1632, #46, .T. ) ;
#952 = DIRECTION ( 'NONE',  ( 0.0000000000000000000, -0.0000000000000000000, -1.000000000000000000 ) ) ;
#953 = ORIENTED_EDGE ( 'NONE', *, *, #388, .F. ) ;
#954 = ORIENTED_EDGE ( 'NONE', *, *, #532, .F. ) ;
#955 = DIRECTION ( 'NONE',  ( 1.000000000000000000, 0.0000000000000000000, 0.0000000000000000000 ) ) ;
#956 = ORIENTED_EDGE ( 'NONE', *, *, #1233, .T. ) ;
#957 = ORIENTED_EDGE ( 'NONE', *, *, #1776, .F. ) ;
#958 = DIRECTION ( 'NONE',  ( -0.0000000000000000000, -1.000000000000000000, -0.0000000000000000000 ) ) ;
#959 = EDGE_LOOP ( 'NONE', ( #778, #1662, #1573, #621 ) ) ;
#960 = EDGE_CURVE ( 'NONE', #1216, #999, #186, .T. ) ;
#961 = EDGE_CURVE ( 'NONE', #1491, #975, #424, .T. ) ;
#962 = CARTESIAN_POINT ( 'NONE',  ( 1.196191813271375400, 0.007938268602196506300, 0.2125000000000001300 ) ) ;
#963 = CIRCLE ( 'NONE', #1234, 0.1599999999999997800 ) ;
#964 = DIRECTION ( 'NONE',  ( -0.0000000000000000000, -0.0000000000000000000, -1.000000000000000000 ) ) ;
#965 = AXIS2_PLACEMENT_3D ( 'NONE', #1521, #1096, #1365 ) ;
#966 = LINE ( 'NONE', #206, #318 ) ;
#967 = CARTESIAN_POINT ( 'NONE',  ( -1.196191813271375400, 0.007938268602196506300, 1.162500000000000100 ) ) ;
#968 = DIRECTION ( 'NONE',  ( -0.0000000000000000000, -0.0000000000000000000, -1.000000000000000000 ) ) ;
#969 = ADVANCED_FACE ( 'NONE', ( #1011 ), #1603, .T. ) ;
#970 = LINE ( 'NONE', #1428, #65 ) ;
#971 = CARTESIAN_POINT ( 'NONE',  ( 0.9468039989839128800, 0.8913917310096005600, 0.2125000000000001300 ) ) ;
#972 = STYLED_ITEM ( 'NONE', ( #1158 ), #1211 ) ;
#973 = VERTEX_POINT ( 'NONE', #1344 ) ;
#974 = SURFACE_STYLE_USAGE ( .BOTH. , #702 ) ;
#975 = VERTEX_POINT ( 'NONE', #913 ) ;
#976 = ORIENTED_EDGE ( 'NONE', *, *, #938, .F. ) ;
#977 = ORIENTED_EDGE ( 'NONE', *, *, #1585, .F. ) ;
#978 = DIRECTION ( 'NONE',  ( 0.0000000000000000000, -0.0000000000000000000, -1.000000000000000000 ) ) ;
#979 = ADVANCED_FACE ( 'NONE', ( #647 ), #1760, .T. ) ;
#980 = DIRECTION ( 'NONE',  ( 0.0000000000000000000, 0.0000000000000000000, 1.000000000000000000 ) ) ;
#981 = LINE ( 'NONE', #1526, #588 ) ;
#982 = EDGE_CURVE ( 'NONE', #720, #628, #1083, .T. ) ;
#983 = SHAPE_DEFINITION_REPRESENTATION ( #524, #1211 ) ;
#984 = EDGE_CURVE ( 'NONE', #1474, #258, #342, .T. ) ;
#985 = VECTOR ( 'NONE', #1459, 1000.000000000000100 ) ;
#986 = CIRCLE ( 'NONE', #1762, 0.1600000000000000900 ) ;
#987 = DIRECTION ( 'NONE',  ( 0.08715574274765763900, -0.9961946980917455500, 0.0000000000000000000 ) ) ;
#988 = DIRECTION ( 'NONE',  ( -0.08715574274765489100, 0.9961946980917458800, 0.0000000000000000000 ) ) ;
#989 = CARTESIAN_POINT ( 'NONE',  ( -0.5000000000000000000, 1.300000000000000000, -1.200000000000000000 ) ) ;
#990 = LINE ( 'NONE', #856, #1699 ) ;
#991 = CARTESIAN_POINT ( 'NONE',  ( 0.7214983252255783300, 1.102799953727160900, -1.421498325225578200 ) ) ;
#992 = VECTOR ( 'NONE', #501, 1000.000000000000200 ) ;
#993 =( LENGTH_UNIT ( ) NAMED_UNIT ( * ) SI_UNIT ( .MILLI., .METRE. ) );
#994 = CARTESIAN_POINT ( 'NONE',  ( 0.7500000000000000000, 0.9000000000000000200, 1.450000000000000000 ) ) ;
#995 = EDGE_CURVE ( 'NONE', #556, #1189, #1165, .T. ) ;
#996 = ORIENTED_EDGE ( 'NONE', *, *, #530, .T. ) ;
#997 = ORIENTED_EDGE ( 'NONE', *, *, #1531, .T. ) ;
#998 = AXIS2_PLACEMENT_3D ( 'NONE', #358, #1194, #368 ) ;
#999 = VERTEX_POINT ( 'NONE', #761 ) ;
#1000 = CARTESIAN_POINT ( 'NONE',  ( 0.7289188747946412400, 1.050000000000000000, 0.2125000000000001300 ) ) ;
#1001 = ORIENTED_EDGE ( 'NONE', *, *, #1079, .T. ) ;
#1002 = CARTESIAN_POINT ( 'NONE',  ( -0.9369013182964971400, 1.050000000000000000, -0.7374999999999998200 ) ) ;
#1003 = VECTOR ( 'NONE', #1229, 1000.000000000000000 ) ;
#1004 = DIRECTION ( 'NONE',  ( -1.000000000000000000, 0.0000000000000000000, 0.0000000000000000000 ) ) ;
#1005 = FACE_OUTER_BOUND ( 'NONE', #1475, .T. ) ;
#1006 = AXIS2_PLACEMENT_3D ( 'NONE', #1238, #958, #1232 ) ;
#1007 = DIRECTION ( 'NONE',  ( 0.0000000000000000000, -0.0000000000000000000, -1.000000000000000000 ) ) ;
#1008 = FACE_OUTER_BOUND ( 'NONE', #577, .T. ) ;
#1009 = CARTESIAN_POINT ( 'NONE',  ( -0.6375673322380867000, 0.1000000000000000500, 1.450000000000000000 ) ) ;
#1010 = CARTESIAN_POINT ( 'NONE',  ( -1.210136732111000600, 0.1673294202968756100, -1.162499999999999900 ) ) ;
#1011 = FACE_OUTER_BOUND ( 'NONE', #701, .T. ) ;
#1012 = DIRECTION ( 'NONE',  ( -0.9961946980917457700, -0.08715574274765487700, 0.0000000000000000000 ) ) ;
#1013 = EDGE_LOOP ( 'NONE', ( #599, #1479, #1530, #472 ) ) ;
#1014 = EDGE_CURVE ( 'NONE', #234, #91, #1401, .T. ) ;
#1015 = UNCERTAINTY_MEASURE_WITH_UNIT (LENGTH_MEASURE( 1.000000000000000100E-005 ), #993, 'distance_accuracy_value', 'NONE');
#1016 = EDGE_LOOP ( 'NONE', ( #693, #557 ) ) ;
#1017 = CARTESIAN_POINT ( 'NONE',  ( -0.9468039989839127600, 0.8913917310096005600, 0.7375000000000000400 ) ) ;
#1018 = VERTEX_POINT ( 'NONE', #96 ) ;
#1019 = EDGE_CURVE ( 'NONE', #28, #154, #714, .T. ) ;
#1020 = ORIENTED_EDGE ( 'NONE', *, *, #960, .F. ) ;
#1021 = VERTEX_POINT ( 'NONE', #1740 ) ;
#1022 = DIRECTION ( 'NONE',  ( 0.9961946980917457700, -0.08715574274765486300, 0.0000000000000000000 ) ) ;
#1023 = LINE ( 'NONE', #1486, #291 ) ;
#1024 = LINE ( 'NONE', #1371, #686 ) ;
#1025 = VECTOR ( 'NONE', #1284, 1000.000000000000100 ) ;
#1026 = CARTESIAN_POINT ( 'NONE',  ( 1.196191813271375400, 0.007938268602196506300, 0.2125000000000001300 ) ) ;
#1027 = CIRCLE ( 'NONE', #1597, 0.1599999999999997800 ) ;
#1028 = AXIS2_PLACEMENT_3D ( 'NONE', #322, #610, #597 ) ;
#1029 = EDGE_CURVE ( 'NONE', #191, #1474, #324, .T. ) ;
#1030 =( GEOMETRIC_REPRESENTATION_CONTEXT ( 3 ) GLOBAL_UNCERTAINTY_ASSIGNED_CONTEXT ( ( #78 ) ) GLOBAL_UNIT_ASSIGNED_CONTEXT ( ( #1624, #1212, #126 ) ) REPRESENTATION_CONTEXT ( 'NONE', 'WORKASPACE' ) );
#1031 = DIRECTION ( 'NONE',  ( 0.0000000000000000000, -1.000000000000000000, 0.0000000000000000000 ) ) ;
#1032 = DIRECTION ( 'NONE',  ( 0.1391731009600662200, -0.9902680687415702500, 0.0000000000000000000 ) ) ;
#1033 = VECTOR ( 'NONE', #1360, 1000.000000000000100 ) ;
#1034 = PLANE ( 'NONE',  #1697 ) ;
#1035 = VECTOR ( 'NONE', #334, 1000.000000000000100 ) ;
#1036 = CARTESIAN_POINT ( 'NONE',  ( -0.5000000000000000000, 1.017157287525380700, -1.300000000000000000 ) ) ;
#1037 = CLOSED_SHELL ( 'NONE', ( #1080, #446, #144, #839, #1374, #436, #555, #525, #1210, #932, #1252, #263, #1354, #399 ) ) ;
#1038 = ORIENTED_EDGE ( 'NONE', *, *, #1462, .T. ) ;
#1039 = DIRECTION ( 'NONE',  ( 0.08715574274765489100, -0.9961946980917458800, 0.0000000000000000000 ) ) ;
#1040 = VERTEX_POINT ( 'NONE', #765 ) ;
#1041 = ORIENTED_EDGE ( 'NONE', *, *, #862, .T. ) ;
#1042 = ORIENTED_EDGE ( 'NONE', *, *, #623, .T. ) ;
#1043 = EDGE_CURVE ( 'NONE', #700, #1658, #595, .T. ) ;
#1044 = CARTESIAN_POINT ( 'NONE',  ( -0.5000000000000000000, 1.300000000000000000, -1.099999999999999900 ) ) ;
#1045 = AXIS2_PLACEMENT_3D ( 'NONE', #494, #1473, #631 ) ;
#1046 = ORIENTED_EDGE ( 'NONE', *, *, #1358, .T. ) ;
#1047 = DIRECTION ( 'NONE',  ( 0.0000000000000000000, 0.1391731009600657400, -0.9902680687415703600 ) ) ;
#1048 = ORIENTED_EDGE ( 'NONE', *, *, #1565, .F. ) ;
#1049 = DIRECTION ( 'NONE',  ( -0.1378445374916289200, -0.9808148484639890300, 0.1378445374916289200 ) ) ;
#1050 = LINE ( 'NONE', #115, #629 ) ;
#1051 = CARTESIAN_POINT ( 'NONE',  ( 0.6375673322380865900, 0.1000000000000000500, 1.337567332238086500 ) ) ;
#1052 = EDGE_CURVE ( 'NONE', #929, #556, #634, .T. ) ;
#1053 = EDGE_CURVE ( 'NONE', #53, #1726, #950, .T. ) ;
#1054 = DIRECTION ( 'NONE',  ( 0.9902680687415703600, -0.1391731009600652700, 0.0000000000000000000 ) ) ;
#1055 = LINE ( 'NONE', #689, #341 ) ;
#1056 = LINE ( 'NONE', #1735, #1427 ) ;
#1057 = EDGE_LOOP ( 'NONE', ( #25, #977 ) ) ;
#1058 = CARTESIAN_POINT ( 'NONE',  ( -1.051693841112349500, 0.1450617241432651800, 1.162500000000000100 ) ) ;
#1059 = CARTESIAN_POINT ( 'NONE',  ( -1.300000000000000000, 0.1494292047137618700, 1.162500000000000100 ) ) ;
#1060 = ORIENTED_EDGE ( 'NONE', *, *, #1617, .T. ) ;
#1061 = ORIENTED_EDGE ( 'NONE', *, *, #1273, .F. ) ;
#1062 = VERTEX_POINT ( 'NONE', #1618 ) ;
#1063 = VERTEX_POINT ( 'NONE', #1169 ) ;
#1064 = VERTEX_POINT ( 'NONE', #1319 ) ;
#1065 = PRESENTATION_LAYER_ASSIGNMENT (  '', '', ( #972 ) ) ;
#1066 = CARTESIAN_POINT ( 'NONE',  ( -1.209265174683524100, 0.1573674733159582100, 1.162500000000000100 ) ) ;
#1067 = CARTESIAN_POINT ( 'NONE',  ( -1.200234051423585000, 0.1659376892872747900, -0.7374999999999998200 ) ) ;
#1068 = AXIS2_PLACEMENT_3D ( 'NONE', #1480, #928, #945 ) ;
#1069 = DIRECTION ( 'NONE',  ( 0.0000000000000000000, 0.0000000000000000000, 1.000000000000000000 ) ) ;
#1070 = ADVANCED_FACE ( 'NONE', ( #300 ), #1034, .F. ) ;
#1071 = DIRECTION ( 'NONE',  ( 0.0000000000000000000, -1.000000000000000000, -0.0000000000000000000 ) ) ;
#1072 = VECTOR ( 'NONE', #964, 1000.000000000000000 ) ;
#1073 = LINE ( 'NONE', #450, #611 ) ;
#1074 = LINE ( 'NONE', #320, #1097 ) ;
#1075 = FILL_AREA_STYLE ('',( #1620 ) ) ;
#1076 = CARTESIAN_POINT ( 'NONE',  ( -0.5000000000000000000, 1.300000000000000000, -1.200000000000000000 ) ) ;
#1077 = DIRECTION ( 'NONE',  ( 0.08715574274765763900, -0.9961946980917455500, 0.0000000000000000000 ) ) ;
#1078 = EDGE_CURVE ( 'NONE', #231, #1018, #1742, .T. ) ;
#1079 = EDGE_CURVE ( 'NONE', #455, #1021, #858, .T. ) ;
#1080 = ADVANCED_FACE ( 'NONE', ( #1568 ), #1392, .F. ) ;
#1081 = CARTESIAN_POINT ( 'NONE',  ( -1.300000000000000000, 0.1494292047137618700, 0.7375000000000000400 ) ) ;
#1082 = CARTESIAN_POINT ( 'NONE',  ( 1.196191813271375400, 0.007938268602196506300, -0.2124999999999999100 ) ) ;
#1083 = LINE ( 'NONE', #897, #816 ) ;
#1084 = DIRECTION ( 'NONE',  ( 0.0000000000000000000, 1.000000000000000000, 0.0000000000000000000 ) ) ;
#1085 = CARTESIAN_POINT ( 'NONE',  ( -0.7289188747946412400, 1.050000000000000000, -0.7374999999999998200 ) ) ;
#1086 = ORIENTED_EDGE ( 'NONE', *, *, #1053, .T. ) ;
#1087 = DIRECTION ( 'NONE',  ( 0.9961946980917457700, 0.08715574274765487700, -0.0000000000000000000 ) ) ;
#1088 = ORIENTED_EDGE ( 'NONE', *, *, #750, .F. ) ;
#1089 = ORIENTED_EDGE ( 'NONE', *, *, #1504, .T. ) ;
#1090 = ORIENTED_EDGE ( 'NONE', *, *, #62, .F. ) ;
#1091 = ADVANCED_FACE ( 'NONE', ( #1655 ), #536, .T. ) ;
#1092 = EDGE_CURVE ( 'NONE', #431, #3, #68, .T. ) ;
#1093 = VERTEX_POINT ( 'NONE', #753 ) ;
#1094 = CARTESIAN_POINT ( 'NONE',  ( -0.9369013182964971400, 0.9000000000000000200, 0.7375000000000000400 ) ) ;
#1095 = AXIS2_PLACEMENT_3D ( 'NONE', #1669, #847, #1524 ) ;
#1096 = DIRECTION ( 'NONE',  ( -0.0000000000000000000, 1.000000000000000000, -0.0000000000000000000 ) ) ;
#1097 = VECTOR ( 'NONE', #296, 1000.000000000000000 ) ;
#1098 = CARTESIAN_POINT ( 'NONE',  ( 1.300000000000000000, 0.1494292047137618700, 0.2125000000000001300 ) ) ;
#1099 = ADVANCED_FACE ( 'NONE', ( #148 ), #197, .T. ) ;
#1100 = PLANE ( 'NONE',  #1355 ) ;
#1101 = CARTESIAN_POINT ( 'NONE',  ( -0.9369013182964971400, 0.8899999999999999000, -0.7374999999999998200 ) ) ;
#1102 = AXIS2_PLACEMENT_3D ( 'NONE', #822, #1241, #159 ) ;
#1103 = VECTOR ( 'NONE', #809, 1000.000000000000000 ) ;
#1104 = CARTESIAN_POINT ( 'NONE',  ( -0.7289188747946412400, 1.050000000000000000, 1.162500000000000100 ) ) ;
#1105 = LINE ( 'NONE', #1453, #103 ) ;
#1106 = CARTESIAN_POINT ( 'NONE',  ( -1.095344209295148600, 0.9122676961536098100, 1.162500000000000100 ) ) ;
#1107 = EDGE_LOOP ( 'NONE', ( #1404, #1627, #954, #492 ) ) ;
#1108 = ORIENTED_EDGE ( 'NONE', *, *, #1249, .T. ) ;
#1109 = DIRECTION ( 'NONE',  ( 1.000000000000000000, 0.0000000000000000000, 0.0000000000000000000 ) ) ;
#1110 = EDGE_LOOP ( 'NONE', ( #255, #915, #1705, #456 ) ) ;
#1111 = ADVANCED_FACE ( 'NONE', ( #468 ), #222, .F. ) ;
#1112 = VERTEX_POINT ( 'NONE', #735 ) ;
#1113 = CARTESIAN_POINT ( 'NONE',  ( -1.286926638587851300, 1.435196206782128400E-016, -0.7374999999999998200 ) ) ;
#1114 = ORIENTED_EDGE ( 'NONE', *, *, #1167, .T. ) ;
#1115 = ORIENTED_EDGE ( 'NONE', *, *, #649, .F. ) ;
#1116 = DIRECTION ( 'NONE',  ( 1.000000000000000000, 0.0000000000000000000, -0.0000000000000000000 ) ) ;
#1117 = DIRECTION ( 'NONE',  ( -1.000000000000000000, 0.0000000000000000000, 0.0000000000000000000 ) ) ;
#1118 = ORIENTED_EDGE ( 'NONE', *, *, #831, .F. ) ;
#1119 = EDGE_CURVE ( 'NONE', #97, #408, #1447, .T. ) ;
#1120 = EDGE_CURVE ( 'NONE', #641, #1112, #1489, .T. ) ;
#1121 = COLOUR_RGB ( '',0.7921568627450980000, 0.8196078431372548800, 0.9333333333333333500 ) ;
#1122 = CYLINDRICAL_SURFACE ( 'NONE', #804, 0.01000000000000002600 ) ;
#1123 = ADVANCED_FACE ( 'NONE', ( #646 ), #369, .T. ) ;
#1124 = VECTOR ( 'NONE', #1311, 1000.000000000000200 ) ;
#1125 = VECTOR ( 'NONE', #926, 1000.000000000000000 ) ;
#1126 = PLANE ( 'NONE',  #151 ) ;
#1127 = CARTESIAN_POINT ( 'NONE',  ( -0.9369013182964971400, 0.8899999999999999000, 1.162500000000000100 ) ) ;
#1128 = VECTOR ( 'NONE', #1314, 1000.000000000000100 ) ;
#1129 = AXIS2_PLACEMENT_3D ( 'NONE', #1330, #1477, #235 ) ;
#1130 = DIRECTION ( 'NONE',  ( -0.0000000000000000000, -0.0000000000000000000, -1.000000000000000000 ) ) ;
#1131 = ORIENTED_EDGE ( 'NONE', *, *, #83, .F. ) ;
#1132 = EDGE_LOOP ( 'NONE', ( #1769, #387, #697, #438 ) ) ;
#1133 = PLANE ( 'NONE',  #585 ) ;
#1134 = EDGE_LOOP ( 'NONE', ( #1636, #498, #1791, #1517 ) ) ;
#1135 = DIRECTION ( 'NONE',  ( -0.0000000000000000000, -0.0000000000000000000, -1.000000000000000000 ) ) ;
#1136 = DIRECTION ( 'NONE',  ( 1.000000000000000000, 0.0000000000000000000, 0.0000000000000000000 ) ) ;
#1137 = CARTESIAN_POINT ( 'NONE',  ( 0.7500000000000000000, 0.9000000000000000200, 1.450000000000000000 ) ) ;
#1138 = EDGE_CURVE ( 'NONE', #211, #232, #1646, .T. ) ;
#1139 = AXIS2_PLACEMENT_3D ( 'NONE', #836, #1667, #1414 ) ;
#1140 = LINE ( 'NONE', #123, #1583 ) ;
#1141 = DIRECTION ( 'NONE',  ( 0.1391731009600662200, 0.9902680687415702500, -0.0000000000000000000 ) ) ;
#1142 = DIRECTION ( 'NONE',  ( -1.000000000000000000, 0.0000000000000000000, 0.0000000000000000000 ) ) ;
#1143 = PLANE ( 'NONE',  #460 ) ;
#1144 = VECTOR ( 'NONE', #596, 1000.000000000000100 ) ;
#1145 = CARTESIAN_POINT ( 'NONE',  ( -1.209265174683524100, 0.1573674733159582100, -0.7374999999999998200 ) ) ;
#1146 = VECTOR ( 'NONE', #533, 1000.000000000000000 ) ;
#1147 = EDGE_CURVE ( 'NONE', #97, #53, #352, .T. ) ;
#1148 = DIRECTION ( 'NONE',  ( -0.0000000000000000000, -0.0000000000000000000, -1.000000000000000000 ) ) ;
#1149 = EDGE_CURVE ( 'NONE', #170, #191, #538, .T. ) ;
#1150 = ORIENTED_EDGE ( 'NONE', *, *, #649, .T. ) ;
#1151 = ORIENTED_EDGE ( 'NONE', *, *, #949, .T. ) ;
#1152 = ORIENTED_EDGE ( 'NONE', *, *, #1281, .F. ) ;
#1153 = CARTESIAN_POINT ( 'NONE',  ( -0.6375673322380865900, 0.1000000000000000500, 1.337567332238086500 ) ) ;
#1154 = EDGE_LOOP ( 'NONE', ( #1497, #1359, #205, #1683 ) ) ;
#1155 = UNCERTAINTY_MEASURE_WITH_UNIT (LENGTH_MEASURE( 1.000000000000000100E-005 ), #671, 'distance_accuracy_value', 'NONE');
#1156 = DIRECTION ( 'NONE',  ( 0.0000000000000000000, 1.000000000000000000, 0.0000000000000000000 ) ) ;
#1157 = DIRECTION ( 'NONE',  ( 0.9961946980917456600, 0.08715574274765766600, -0.0000000000000000000 ) ) ;
#1158 = PRESENTATION_STYLE_ASSIGNMENT (( #974 ) ) ;
#1159 = AXIS2_PLACEMENT_3D ( 'NONE', #583, #826, #1109 ) ;
#1160 = VECTOR ( 'NONE', #1523, 1000.000000000000000 ) ;
#1161 = LINE ( 'NONE', #1567, #1736 ) ;
#1162 = CIRCLE ( 'NONE', #808, 0.009999999999999918700 ) ;
#1163 = ORIENTED_EDGE ( 'NONE', *, *, #1208, .T. ) ;
#1164 = FACE_OUTER_BOUND ( 'NONE', #1172, .T. ) ;
#1165 = LINE ( 'NONE', #1612, #1237 ) ;
#1166 = DIRECTION ( 'NONE',  ( -0.08715574274765489100, 0.9961946980917458800, 0.0000000000000000000 ) ) ;
#1167 = EDGE_CURVE ( 'NONE', #999, #3, #851, .T. ) ;
#1168 = VERTEX_POINT ( 'NONE', #942 ) ;
#1169 = CARTESIAN_POINT ( 'NONE',  ( -0.7500000000000000000, 0.9000000000000000200, 1.162500000000000100 ) ) ;
#1170 = EDGE_CURVE ( 'NONE', #700, #603, #1050, .T. ) ;
#1171 = PRODUCT ( 'AO3400-5.8A', 'AO3400-5.8A', '', ( #1542 ) ) ;
#1172 = EDGE_LOOP ( 'NONE', ( #843, #957, #104, #1456 ) ) ;
#1173 = CARTESIAN_POINT ( 'NONE',  ( -1.209265174683524100, 0.1573674733159582100, -1.162499999999999900 ) ) ;
#1174 = DIRECTION ( 'NONE',  ( 1.000000000000000000, -0.0000000000000000000, -0.0000000000000000000 ) ) ;
#1175 = DIRECTION ( 'NONE',  ( 0.0000000000000000000, 1.000000000000000000, 0.0000000000000000000 ) ) ;
#1176 = PRODUCT_DEFINITION_CONTEXT ( 'detailed design', #308, 'design' ) ;
#1177 = FACE_OUTER_BOUND ( 'NONE', #863, .T. ) ;
#1178 = CARTESIAN_POINT ( 'NONE',  ( -0.7289188747946412400, 1.050000000000000000, 1.162500000000000100 ) ) ;
#1179 = VECTOR ( 'NONE', #106, 1000.000000000000000 ) ;
#1180 = EDGE_CURVE ( 'NONE', #3, #431, #39, .T. ) ;
#1181 = CARTESIAN_POINT ( 'NONE',  ( 0.9369013182964971400, 1.050000000000000000, 0.2125000000000001300 ) ) ;
#1182 = AXIS2_PLACEMENT_3D ( 'NONE', #888, #1445, #729 ) ;
#1183 = DIRECTION ( 'NONE',  ( 0.0000000000000000000, 0.9902680687415703600, 0.1391731009600657400 ) ) ;
#1184 = VECTOR ( 'NONE', #254, 1000.000000000000000 ) ;
#1185 = DIRECTION ( 'NONE',  ( 0.0000000000000000000, -0.0000000000000000000, 1.000000000000000000 ) ) ;
#1186 = VECTOR ( 'NONE', #1753, 1000.000000000000000 ) ;
#1187 = CARTESIAN_POINT ( 'NONE',  ( -1.300000000000000000, 0.1494292047137618700, -0.7374999999999998200 ) ) ;
#1188 = ORIENTED_EDGE ( 'NONE', *, *, #1424, .F. ) ;
#1189 = VERTEX_POINT ( 'NONE', #1783 ) ;
#1190 = PRODUCT_DEFINITION_FORMATION_WITH_SPECIFIED_SOURCE ( 'ANY', '', #1171, .NOT_KNOWN. ) ;
#1191 = DIRECTION ( 'NONE',  ( 0.9961946980917457700, 0.08715574274765487700, 0.0000000000000000000 ) ) ;
#1192 = ORIENTED_EDGE ( 'NONE', *, *, #1643, .T. ) ;
#1193 = EDGE_LOOP ( 'NONE', ( #26, #1265, #201, #736 ) ) ;
#1194 = DIRECTION ( 'NONE',  ( 0.9902680687415703600, 0.1391731009600657400, 0.0000000000000000000 ) ) ;
#1195 = MECHANICAL_DESIGN_GEOMETRIC_PRESENTATION_REPRESENTATION (  '', ( #162 ), #102 ) ;
#1196 = ORIENTED_EDGE ( 'NONE', *, *, #844, .T. ) ;
#1197 = CARTESIAN_POINT ( 'NONE',  ( -1.300000000000000000, 0.1494292047137618700, -0.7374999999999998200 ) ) ;
#1198 = ORIENTED_EDGE ( 'NONE', *, *, #938, .T. ) ;
#1199 = DIRECTION ( 'NONE',  ( -1.000000000000000000, 0.0000000000000000000, 0.0000000000000000000 ) ) ;
#1200 = ORIENTED_EDGE ( 'NONE', *, *, #439, .T. ) ;
#1201 = DIRECTION ( 'NONE',  ( -0.9902680687415702500, 0.1391731009600662200, 0.0000000000000000000 ) ) ;
#1202 = LINE ( 'NONE', #252, #59 ) ;
#1203 = PLANE ( 'NONE',  #489 ) ;
#1204 = LINE ( 'NONE', #1761, #1255 ) ;
#1205 = VERTEX_POINT ( 'NONE', #1507 ) ;
#1206 = FACE_OUTER_BOUND ( 'NONE', #883, .T. ) ;
#1207 = CARTESIAN_POINT ( 'NONE',  ( 0.7500000000000000000, 0.9000000000000000200, 0.2125000000000001300 ) ) ;
#1208 = EDGE_CURVE ( 'NONE', #1040, #556, #1421, .T. ) ;
#1209 = EDGE_CURVE ( 'NONE', #1658, #430, #1545, .T. ) ;
#1210 = ADVANCED_FACE ( 'NONE', ( #99 ), #319, .T. ) ;
#1211 = ADVANCED_BREP_SHAPE_REPRESENTATION ( 'AO3400-5.8A', ( #350, #393, #680, #419, #578, #1785 ), #435 ) ;
#1212 =( NAMED_UNIT ( * ) PLANE_ANGLE_UNIT ( ) SI_UNIT ( $, .RADIAN. ) );
#1213 = FACE_OUTER_BOUND ( 'NONE', #345, .T. ) ;
#1214 =( NAMED_UNIT ( * ) PLANE_ANGLE_UNIT ( ) SI_UNIT ( $, .RADIAN. ) );
#1215 = DIRECTION ( 'NONE',  ( 0.0000000000000000000, -1.000000000000000000, 0.0000000000000000000 ) ) ;
#1216 = VERTEX_POINT ( 'NONE', #1514 ) ;
#1217 = VERTEX_POINT ( 'NONE', #659 ) ;
#1218 = DIRECTION ( 'NONE',  ( -0.0000000000000000000, -0.0000000000000000000, 1.000000000000000000 ) ) ;
#1219 = ADVANCED_FACE ( 'NONE', ( #417 ), #1694, .F. ) ;
#1220 = ORIENTED_EDGE ( 'NONE', *, *, #1656, .T. ) ;
#1221 =( LENGTH_UNIT ( ) NAMED_UNIT ( * ) SI_UNIT ( .MILLI., .METRE. ) );
#1222 = DIRECTION ( 'NONE',  ( 0.0000000000000000000, -1.000000000000000000, 0.0000000000000000000 ) ) ;
#1223 = AXIS2_PLACEMENT_3D ( 'NONE', #1288, #882, #604 ) ;
#1224 = FILL_AREA_STYLE_COLOUR ( '', #751 ) ;
#1225 = FACE_OUTER_BOUND ( 'NONE', #1267, .T. ) ;
#1226 = DIRECTION ( 'NONE',  ( -0.08715574274765489100, -0.9961946980917458800, 0.0000000000000000000 ) ) ;
#1227 = CIRCLE ( 'NONE', #325, 0.1600000000000000900 ) ;
#1228 = ADVANCED_FACE ( 'NONE', ( #1206 ), #485, .F. ) ;
#1229 = DIRECTION ( 'NONE',  ( -0.0000000000000000000, -0.0000000000000000000, 1.000000000000000000 ) ) ;
#1230 = FACE_OUTER_BOUND ( 'NONE', #1415, .T. ) ;
#1231 = DIRECTION ( 'NONE',  ( -0.0000000000000000000, -0.0000000000000000000, -1.000000000000000000 ) ) ;
#1232 = DIRECTION ( 'NONE',  ( 0.0000000000000000000, 0.0000000000000000000, 1.000000000000000000 ) ) ;
#1233 = EDGE_CURVE ( 'NONE', #1018, #70, #165, .T. ) ;
#1234 = AXIS2_PLACEMENT_3D ( 'NONE', #832, #565, #307 ) ;
#1235 = CYLINDRICAL_SURFACE ( 'NONE', #1527, 0.1000000000000000500 ) ;
#1236 = DIRECTION ( 'NONE',  ( -0.0000000000000000000, -0.0000000000000000000, -1.000000000000000000 ) ) ;
#1237 = VECTOR ( 'NONE', #1605, 1000.000000000000000 ) ;
#1238 = CARTESIAN_POINT ( 'NONE',  ( -0.5000000000000000000, 1.300000000000000000, -1.200000000000000000 ) ) ;
#1239 = ORIENTED_EDGE ( 'NONE', *, *, #1721, .T. ) ;
#1240 = VERTEX_POINT ( 'NONE', #138 ) ;
#1241 = DIRECTION ( 'NONE',  ( -0.0000000000000000000, 0.0000000000000000000, 1.000000000000000000 ) ) ;
#1242 = ORIENTED_EDGE ( 'NONE', *, *, #1616, .T. ) ;
#1243 = ORIENTED_EDGE ( 'NONE', *, *, #233, .F. ) ;
#1244 = CARTESIAN_POINT ( 'NONE',  ( 0.0000000000000000000, 1.399999999999999900, -1.379729582648803900 ) ) ;
#1245 = VERTEX_POINT ( 'NONE', #1639 ) ;
#1246 = VERTEX_POINT ( 'NONE', #257 ) ;
#1247 = DIRECTION ( 'NONE',  ( 0.1391731009600657400, -0.9902680687415703600, 0.0000000000000000000 ) ) ;
#1248 = EDGE_CURVE ( 'NONE', #1189, #1333, #834, .T. ) ;
#1249 = EDGE_CURVE ( 'NONE', #1217, #234, #1140, .T. ) ;
#1250 = DIRECTION ( 'NONE',  ( 0.08715574274765766600, 0.9961946980917456600, 0.0000000000000000000 ) ) ;
#1251 = CARTESIAN_POINT ( 'NONE',  ( -1.196191813271375400, 0.007938268602196506300, -0.7374999999999998200 ) ) ;
#1252 = ADVANCED_FACE ( 'NONE', ( #1230 ), #1506, .F. ) ;
#1253 = CARTESIAN_POINT ( 'NONE',  ( 0.7500000000000000000, 0.9000000000000000200, -1.450000000000000000 ) ) ;
#1254 = COLOUR_RGB ( '',0.2509803921568627400, 0.2509803921568627400, 0.2509803921568627400 ) ;
#1255 = VECTOR ( 'NONE', #914, 1000.000000000000000 ) ;
#1256 = CARTESIAN_POINT ( 'NONE',  ( 1.286926638587851300, 1.435196206782128400E-016, -0.2124999999999999100 ) ) ;
#1257 = LINE ( 'NONE', #1000, #850 ) ;
#1258 = CARTESIAN_POINT ( 'NONE',  ( -1.300000000000000000, 0.1494292047137618700, 1.162500000000000100 ) ) ;
#1259 = DIRECTION ( 'NONE',  ( -0.0000000000000000000, -0.0000000000000000000, -1.000000000000000000 ) ) ;
#1260 = AXIS2_PLACEMENT_3D ( 'NONE', #841, #32, #1557 ) ;
#1261 = ADVANCED_FACE ( 'NONE', ( #373 ), #1126, .T. ) ;
#1262 = LINE ( 'NONE', #1059, #947 ) ;
#1263 = CARTESIAN_POINT ( 'NONE',  ( -0.9468039989839128800, 0.8913917310096005600, 1.162500000000000100 ) ) ;
#1264 = CARTESIAN_POINT ( 'NONE',  ( -1.196191813271375400, 0.007938268602196506300, 1.162500000000000100 ) ) ;
#1265 = ORIENTED_EDGE ( 'NONE', *, *, #760, .F. ) ;
#1266 = EDGE_LOOP ( 'NONE', ( #1001, #1192, #1038, #1041 ) ) ;
#1267 = EDGE_LOOP ( 'NONE', ( #1118, #927, #1357, #1457 ) ) ;
#1268 = ORIENTED_EDGE ( 'NONE', *, *, #1413, .T. ) ;
#1269 = DIRECTION ( 'NONE',  ( 1.000000000000000000, -0.0000000000000000000, -0.0000000000000000000 ) ) ;
#1270 =( NAMED_UNIT ( * ) PLANE_ANGLE_UNIT ( ) SI_UNIT ( $, .RADIAN. ) );
#1271 = ADVANCED_FACE ( 'NONE', ( #121 ), #748, .T. ) ;
#1272 = CARTESIAN_POINT ( 'NONE',  ( -0.7289188747946412400, 1.050000000000000000, 1.162500000000000100 ) ) ;
#1273 = EDGE_CURVE ( 'NONE', #1336, #231, #1322, .T. ) ;
#1274 = EDGE_CURVE ( 'NONE', #975, #1686, #1162, .T. ) ;
#1275 = VECTOR ( 'NONE', #442, 1000.000000000000000 ) ;
#1276 = VERTEX_POINT ( 'NONE', #20 ) ;
#1277 = CYLINDRICAL_SURFACE ( 'NONE', #1575, 0.01000000000000002600 ) ;
#1278 = CARTESIAN_POINT ( 'NONE',  ( -1.286926638587851300, 1.435196206782128400E-016, 0.7375000000000000400 ) ) ;
#1279 = DIRECTION ( 'NONE',  ( -0.08715574274765766600, 0.9961946980917456600, 0.0000000000000000000 ) ) ;
#1280 = SURFACE_SIDE_STYLE ('',( #1303 ) ) ;
#1281 = EDGE_CURVE ( 'NONE', #365, #1410, #60, .T. ) ;
#1282 = FACE_OUTER_BOUND ( 'NONE', #1558, .T. ) ;
#1283 = STYLED_ITEM ( 'NONE', ( #1425 ), #680 ) ;
#1284 = DIRECTION ( 'NONE',  ( -0.9961946980917457700, 0.08715574274765487700, 0.0000000000000000000 ) ) ;
#1285 = VERTEX_POINT ( 'NONE', #304 ) ;
#1286 = ORIENTED_EDGE ( 'NONE', *, *, #355, .T. ) ;
#1287 = ORIENTED_EDGE ( 'NONE', *, *, #1119, .T. ) ;
#1288 = CARTESIAN_POINT ( 'NONE',  ( -0.5000000000000000000, 1.300000000000000000, -1.200000000000000000 ) ) ;
#1289 = ORIENTED_EDGE ( 'NONE', *, *, #336, .T. ) ;
#1290 = ORIENTED_EDGE ( 'NONE', *, *, #1014, .F. ) ;
#1291 = ORIENTED_EDGE ( 'NONE', *, *, #481, .T. ) ;
#1292 = ORIENTED_EDGE ( 'NONE', *, *, #889, .F. ) ;
#1293 = DIRECTION ( 'NONE',  ( 0.0000000000000000000, -0.0000000000000000000, -1.000000000000000000 ) ) ;
#1294 =( GEOMETRIC_REPRESENTATION_CONTEXT ( 3 ) GLOBAL_UNCERTAINTY_ASSIGNED_CONTEXT ( ( #129 ) ) GLOBAL_UNIT_ASSIGNED_CONTEXT ( ( #1688, #167, #312 ) ) REPRESENTATION_CONTEXT ( 'NONE', 'WORKASPACE' ) );
#1295 = DIRECTION ( 'NONE',  ( -0.1391731009600652700, -0.9902680687415703600, 0.0000000000000000000 ) ) ;
#1296 = PRESENTATION_LAYER_ASSIGNMENT (  '', '', ( #1644 ) ) ;
#1297 = COLOUR_RGB ( '',0.7921568627450980000, 0.8196078431372548800, 0.9333333333333333500 ) ;
#1298 = FACE_OUTER_BOUND ( 'NONE', #1645, .T. ) ;
#1299 = ORIENTED_EDGE ( 'NONE', *, *, #168, .T. ) ;
#1300 = CARTESIAN_POINT ( 'NONE',  ( -0.9369013182964971400, 0.9000000000000000200, -1.162499999999999900 ) ) ;
#1301 = CARTESIAN_POINT ( 'NONE',  ( 0.7500000000000000000, 0.9000000000000000200, -0.2124999999999999100 ) ) ;
#1302 = CARTESIAN_POINT ( 'NONE',  ( 1.209265174683524100, 0.1573674733159582100, -0.2124999999999999100 ) ) ;
#1303 = SURFACE_STYLE_FILL_AREA ( #1075 ) ;
#1304 = EDGE_CURVE ( 'NONE', #773, #1205, #1781, .T. ) ;
#1305 = DIRECTION ( 'NONE',  ( -0.0000000000000000000, -0.0000000000000000000, -1.000000000000000000 ) ) ;
#1306 = EDGE_CURVE ( 'NONE', #5, #1329, #1439, .T. ) ;
#1307 = EDGE_LOOP ( 'NONE', ( #1536, #1061, #552, #1042 ) ) ;
#1308 = ORIENTED_EDGE ( 'NONE', *, *, #1053, .F. ) ;
#1309 = ORIENTED_EDGE ( 'NONE', *, *, #1656, .F. ) ;
#1310 = VERTEX_POINT ( 'NONE', #160 ) ;
#1311 = DIRECTION ( 'NONE',  ( -0.9961946980917457700, -0.08715574274765486300, 0.0000000000000000000 ) ) ;
#1312 = ORIENTED_EDGE ( 'NONE', *, *, #233, .T. ) ;
#1313 = ORIENTED_EDGE ( 'NONE', *, *, #110, .F. ) ;
#1314 = DIRECTION ( 'NONE',  ( -0.9961946980917457700, 0.08715574274765487700, 0.0000000000000000000 ) ) ;
#1315 = ORIENTED_EDGE ( 'NONE', *, *, #297, .F. ) ;
#1316 = CARTESIAN_POINT ( 'NONE',  ( -1.051693841112349500, 0.1450617241432651800, -1.162499999999999900 ) ) ;
#1317 = LINE ( 'NONE', #937, #1599 ) ;
#1318 = LINE ( 'NONE', #1081, #1394 ) ;
#1319 = CARTESIAN_POINT ( 'NONE',  ( -0.9369013182964971400, 1.050000000000000000, -0.7374999999999998200 ) ) ;
#1320 = EDGE_CURVE ( 'NONE', #1632, #234, #788, .T. ) ;
#1321 = FACE_OUTER_BOUND ( 'NONE', #156, .T. ) ;
#1322 = LINE ( 'NONE', #1538, #1466 ) ;
#1323 = AXIS2_PLACEMENT_3D ( 'NONE', #1494, #1789, #243 ) ;
#1324 = SURFACE_STYLE_FILL_AREA ( #921 ) ;
#1325 = DIRECTION ( 'NONE',  ( 0.0000000000000000000, 0.0000000000000000000, 1.000000000000000000 ) ) ;
#1326 = VECTOR ( 'NONE', #1049, 1000.000000000000100 ) ;
#1327 = DIRECTION ( 'NONE',  ( 0.0000000000000000000, 0.0000000000000000000, 1.000000000000000000 ) ) ;
#1328 = EDGE_CURVE ( 'NONE', #797, #1336, #444, .T. ) ;
#1329 = VERTEX_POINT ( 'NONE', #1264 ) ;
#1330 = CARTESIAN_POINT ( 'NONE',  ( -0.5000000000000000000, 1.300000000000000000, -1.200000000000000000 ) ) ;
#1331 = AXIS2_PLACEMENT_3D ( 'NONE', #962, #437, #161 ) ;
#1332 = ORIENTED_EDGE ( 'NONE', *, *, #355, .F. ) ;
#1333 = VERTEX_POINT ( 'NONE', #1253 ) ;
#1334 = ORIENTED_EDGE ( 'NONE', *, *, #1446, .F. ) ;
#1335 = FILL_AREA_STYLE_COLOUR ( '', #1297 ) ;
#1336 = VERTEX_POINT ( 'NONE', #1402 ) ;
#1337 = DIRECTION ( 'NONE',  ( 0.0000000000000000000, -0.0000000000000000000, -1.000000000000000000 ) ) ;
#1338 = DIRECTION ( 'NONE',  ( 0.1391731009600657400, 0.9902680687415703600, 0.0000000000000000000 ) ) ;
#1339 = DIRECTION ( 'NONE',  ( -0.0000000000000000000, -0.0000000000000000000, -1.000000000000000000 ) ) ;
#1340 = FILL_AREA_STYLE ('',( #1335 ) ) ;
#1341 = EDGE_CURVE ( 'NONE', #600, #1595, #1074, .T. ) ;
#1342 = EDGE_CURVE ( 'NONE', #1063, #383, #727, .T. ) ;
#1343 = FACE_OUTER_BOUND ( 'NONE', #1154, .T. ) ;
#1344 = CARTESIAN_POINT ( 'NONE',  ( -1.286926638587851300, 1.435196206782128400E-016, -1.162499999999999900 ) ) ;
#1345 = DIRECTION ( 'NONE',  ( -0.0000000000000000000, -0.0000000000000000000, -1.000000000000000000 ) ) ;
#1346 = CARTESIAN_POINT ( 'NONE',  ( -0.9369013182964971400, 0.8899999999999999000, 0.7375000000000000400 ) ) ;
#1347 = PRESENTATION_LAYER_ASSIGNMENT (  '', '', ( #210 ) ) ;
#1348 = DIRECTION ( 'NONE',  ( 1.000000000000000000, 0.0000000000000000000, -0.0000000000000000000 ) ) ;
#1349 = DIRECTION ( 'NONE',  ( 1.000000000000000000, 0.0000000000000000000, 0.0000000000000000000 ) ) ;
#1350 = LINE ( 'NONE', #1520, #1625 ) ;
#1351 = CARTESIAN_POINT ( 'NONE',  ( 1.286926638587851300, 1.435196206782128400E-016, 0.2125000000000001300 ) ) ;
#1352 = ORIENTED_EDGE ( 'NONE', *, *, #982, .F. ) ;
#1353 = ORIENTED_EDGE ( 'NONE', *, *, #1559, .F. ) ;
#1354 = ADVANCED_FACE ( 'NONE', ( #357 ), #1676, .T. ) ;
#1355 = AXIS2_PLACEMENT_3D ( 'NONE', #1675, #1550, #1116 ) ;
#1356 = EDGE_LOOP ( 'NONE', ( #172, #1713, #1409, #75 ) ) ;
#1357 = ORIENTED_EDGE ( 'NONE', *, *, #85, .T. ) ;
#1358 = EDGE_CURVE ( 'NONE', #1686, #1408, #82, .T. ) ;
#1359 = ORIENTED_EDGE ( 'NONE', *, *, #50, .F. ) ;
#1360 = DIRECTION ( 'NONE',  ( -0.1378445374916289200, 0.9808148484639890300, -0.1378445374916289200 ) ) ;
#1361 = ORIENTED_EDGE ( 'NONE', *, *, #111, .T. ) ;
#1362 = DIRECTION ( 'NONE',  ( 0.0000000000000000000, 0.1391731009600657400, 0.9902680687415703600 ) ) ;
#1363 = FACE_OUTER_BOUND ( 'NONE', #473, .T. ) ;
#1364 = CYLINDRICAL_SURFACE ( 'NONE', #632, 0.1599999999999997800 ) ;
#1365 = DIRECTION ( 'NONE',  ( 0.0000000000000000000, 0.0000000000000000000, 1.000000000000000000 ) ) ;
#1366 = FACE_OUTER_BOUND ( 'NONE', #1633, .T. ) ;
#1367 = LINE ( 'NONE', #1720, #1179 ) ;
#1368 = CARTESIAN_POINT ( 'NONE',  ( -1.200234051423585000, 0.1659376892872747900, 1.162500000000000100 ) ) ;
#1369 = EDGE_CURVE ( 'NONE', #902, #253, #218, .T. ) ;
#1370 = EDGE_CURVE ( 'NONE', #1276, #365, #499, .T. ) ;
#1371 = CARTESIAN_POINT ( 'NONE',  ( 0.7289188747946412400, 1.050000000000000000, 0.2125000000000001300 ) ) ;
#1372 = CARTESIAN_POINT ( 'NONE',  ( -0.7289188747946412400, 1.050000000000000000, 1.162500000000000100 ) ) ;
#1373 = DIRECTION ( 'NONE',  ( 0.0000000000000000000, -0.0000000000000000000, -1.000000000000000000 ) ) ;
#1374 = ADVANCED_FACE ( 'NONE', ( #14 ), #1277, .F. ) ;
#1375 = VECTOR ( 'NONE', #458, 1000.000000000000000 ) ;
#1376 = PLANE ( 'NONE',  #248 ) ;
#1377 = VECTOR ( 'NONE', #1482, 1000.000000000000000 ) ;
#1378 = DIRECTION ( 'NONE',  ( -1.000000000000000000, 0.0000000000000000000, 0.0000000000000000000 ) ) ;
#1379 = DIRECTION ( 'NONE',  ( 0.0000000000000000000, -0.0000000000000000000, -1.000000000000000000 ) ) ;
#1380 = ORIENTED_EDGE ( 'NONE', *, *, #896, .T. ) ;
#1381 = ORIENTED_EDGE ( 'NONE', *, *, #889, .T. ) ;
#1382 = EDGE_LOOP ( 'NONE', ( #407, #640, #73, #534 ) ) ;
#1383 = EDGE_CURVE ( 'NONE', #1276, #820, #1737, .T. ) ;
#1384 = PLANE ( 'NONE',  #190 ) ;
#1385 = ORIENTED_EDGE ( 'NONE', *, *, #1617, .F. ) ;
#1386 = CARTESIAN_POINT ( 'NONE',  ( 1.300000000000000000, 0.1494292047137618700, 0.2125000000000001300 ) ) ;
#1387 = AXIS2_PLACEMENT_3D ( 'NONE', #1631, #1767, #1648 ) ;
#1388 = DIRECTION ( 'NONE',  ( -1.000000000000000000, -0.0000000000000000000, -0.0000000000000000000 ) ) ;
#1389 = DIRECTION ( 'NONE',  ( -0.0000000000000000000, -0.0000000000000000000, -1.000000000000000000 ) ) ;
#1390 = CARTESIAN_POINT ( 'NONE',  ( 0.6797295826488041200, 1.399999999999999900, 1.379729582648804100 ) ) ;
#1391 = SURFACE_STYLE_FILL_AREA ( #529 ) ;
#1392 = PLANE ( 'NONE',  #688 ) ;
#1393 = CARTESIAN_POINT ( 'NONE',  ( -1.210136732111000600, 0.1673294202968756100, 1.162500000000000100 ) ) ;
#1394 = VECTOR ( 'NONE', #142, 1000.000000000000100 ) ;
#1395 = VECTOR ( 'NONE', #987, 1000.000000000000100 ) ;
#1396 = CARTESIAN_POINT ( 'NONE',  ( 1.051693841112349500, 0.1450617241432651800, -0.2124999999999999100 ) ) ;
#1397 = DIRECTION ( 'NONE',  ( 0.9961946980917457700, 0.08715574274765487700, -0.0000000000000000000 ) ) ;
#1398 = AXIS2_PLACEMENT_3D ( 'NONE', #423, #275, #795 ) ;
#1399 = AXIS2_PLACEMENT_3D ( 'NONE', #1529, #412, #544 ) ;
#1400 = FACE_OUTER_BOUND ( 'NONE', #825, .T. ) ;
#1401 = LINE ( 'NONE', #1745, #1186 ) ;
#1402 = CARTESIAN_POINT ( 'NONE',  ( -0.9369013182964971400, 0.9000000000000000200, -0.7374999999999998200 ) ) ;
#1403 = CARTESIAN_POINT ( 'NONE',  ( -0.7289188747946412400, 1.050000000000000000, 1.162500000000000100 ) ) ;
#1404 = ORIENTED_EDGE ( 'NONE', *, *, #1481, .T. ) ;
#1405 = DIRECTION ( 'NONE',  ( 0.0000000000000000000, -0.0000000000000000000, 1.000000000000000000 ) ) ;
#1406 = ORIENTED_EDGE ( 'NONE', *, *, #794, .T. ) ;
#1407 = ADVANCED_FACE ( 'NONE', ( #877 ), #1143, .T. ) ;
#1408 = VERTEX_POINT ( 'NONE', #335 ) ;
#1409 = ORIENTED_EDGE ( 'NONE', *, *, #949, .F. ) ;
#1410 = VERTEX_POINT ( 'NONE', #1436 ) ;
#1411 = ORIENTED_EDGE ( 'NONE', *, *, #1209, .F. ) ;
#1412 = EDGE_CURVE ( 'NONE', #195, #1240, #1027, .T. ) ;
#1413 = EDGE_CURVE ( 'NONE', #28, #905, #986, .T. ) ;
#1414 = DIRECTION ( 'NONE',  ( 1.000000000000000000, 0.0000000000000000000, 0.0000000000000000000 ) ) ;
#1415 = EDGE_LOOP ( 'NONE', ( #1152, #230, #582, #1703 ) ) ;
#1416 = DIRECTION ( 'NONE',  ( 0.0000000000000000000, -0.0000000000000000000, -1.000000000000000000 ) ) ;
#1417 = FACE_OUTER_BOUND ( 'NONE', #490, .T. ) ;
#1418 = CIRCLE ( 'NONE', #1102, 0.01000000000000002600 ) ;
#1419 = ADVANCED_FACE ( 'NONE', ( #1647 ), #1602, .F. ) ;
#1420 = VECTOR ( 'NONE', #1293, 1000.000000000000000 ) ;
#1421 = LINE ( 'NONE', #397, #269 ) ;
#1422 = DIRECTION ( 'NONE',  ( -1.000000000000000000, -0.0000000000000000000, -0.0000000000000000000 ) ) ;
#1423 = AXIS2_PLACEMENT_3D ( 'NONE', #730, #343, #1576 ) ;
#1424 = EDGE_CURVE ( 'NONE', #1450, #1246, #895, .T. ) ;
#1425 = PRESENTATION_STYLE_ASSIGNMENT (( #679 ) ) ;
#1426 = AXIS2_PLACEMENT_3D ( 'NONE', #1654, #143, #591 ) ;
#1427 = VECTOR ( 'NONE', #619, 1000.000000000000000 ) ;
#1428 = CARTESIAN_POINT ( 'NONE',  ( 1.286926638587851300, 1.435196206782128400E-016, 0.2125000000000001300 ) ) ;
#1429 = CARTESIAN_POINT ( 'NONE',  ( -0.7500000000000000000, 0.9000000000000000200, -0.7374999999999998200 ) ) ;
#1430 = ORIENTED_EDGE ( 'NONE', *, *, #385, .F. ) ;
#1431 = ORIENTED_EDGE ( 'NONE', *, *, #495, .T. ) ;
#1432 = ORIENTED_EDGE ( 'NONE', *, *, #1565, .T. ) ;
#1433 = DIRECTION ( 'NONE',  ( 0.0000000000000000000, 0.0000000000000000000, 1.000000000000000000 ) ) ;
#1434 = ORIENTED_EDGE ( 'NONE', *, *, #1233, .F. ) ;
#1435 = CARTESIAN_POINT ( 'NONE',  ( 0.7500000000000000000, 0.9000000000000000200, -0.2124999999999999100 ) ) ;
#1436 = CARTESIAN_POINT ( 'NONE',  ( 0.9369013182964971400, 0.9000000000000000200, -0.2124999999999999100 ) ) ;
#1437 = ORIENTED_EDGE ( 'NONE', *, *, #50, .T. ) ;
#1438 = DIRECTION ( 'NONE',  ( -1.000000000000000000, 0.0000000000000000000, 0.0000000000000000000 ) ) ;
#1439 = LINE ( 'NONE', #967, #180 ) ;
#1440 = CARTESIAN_POINT ( 'NONE',  ( 1.095344209295148600, 0.9122676961536098100, 0.2125000000000001300 ) ) ;
#1441 = DIRECTION ( 'NONE',  ( -0.0000000000000000000, -0.0000000000000000000, -1.000000000000000000 ) ) ;
#1442 = CARTESIAN_POINT ( 'NONE',  ( -0.7289188747946412400, 1.050000000000000000, -0.7374999999999998200 ) ) ;
#1443 = EDGE_CURVE ( 'NONE', #1310, #1018, #543, .T. ) ;
#1444 = LINE ( 'NONE', #61, #378 ) ;
#1445 = DIRECTION ( 'NONE',  ( 0.9902680687415702500, 0.1391731009600659400, 0.0000000000000000000 ) ) ;
#1446 = EDGE_CURVE ( 'NONE', #434, #600, #1564, .T. ) ;
#1447 = LINE ( 'NONE', #212, #770 ) ;
#1448 = CARTESIAN_POINT ( 'NONE',  ( 0.0000000000000000000, 0.1000000000000000500, 0.0000000000000000000 ) ) ;
#1449 = DIRECTION ( 'NONE',  ( -0.08715574274765766600, 0.9961946980917456600, 0.0000000000000000000 ) ) ;
#1450 = VERTEX_POINT ( 'NONE', #184 ) ;
#1451 = EDGE_LOOP ( 'NONE', ( #956, #931, #1313, #511 ) ) ;
#1452 = ORIENTED_EDGE ( 'NONE', *, *, #1306, .T. ) ;
#1453 = CARTESIAN_POINT ( 'NONE',  ( -0.7500000000000000000, 0.9000000000000000200, -0.7374999999999998200 ) ) ;
#1454 = ORIENTED_EDGE ( 'NONE', *, *, #1120, .F. ) ;
#1455 = DIRECTION ( 'NONE',  ( 0.1378445374916289200, -0.9808148484639890300, 0.1378445374916289200 ) ) ;
#1456 = ORIENTED_EDGE ( 'NONE', *, *, #1534, .T. ) ;
#1457 = ORIENTED_EDGE ( 'NONE', *, *, #1019, .T. ) ;
#1458 = VERTEX_POINT ( 'NONE', #1562 ) ;
#1459 = DIRECTION ( 'NONE',  ( -0.1378445374916289200, 0.9808148484639890300, 0.1378445374916289200 ) ) ;
#1460 = AXIS2_PLACEMENT_3D ( 'NONE', #380, #514, #120 ) ;
#1461 = DIRECTION ( 'NONE',  ( -0.0000000000000000000, -0.0000000000000000000, -1.000000000000000000 ) ) ;
#1462 = EDGE_CURVE ( 'NONE', #331, #153, #807, .T. ) ;
#1463 = FACE_OUTER_BOUND ( 'NONE', #1382, .T. ) ;
#1464 = VECTOR ( 'NONE', #1467, 1000.000000000000100 ) ;
#1465 = DIRECTION ( 'NONE',  ( 0.9902680687415702500, 0.1391731009600662200, 0.0000000000000000000 ) ) ;
#1466 = VECTOR ( 'NONE', #1259, 1000.000000000000000 ) ;
#1467 = DIRECTION ( 'NONE',  ( -0.08715574274765763900, -0.9961946980917455500, 0.0000000000000000000 ) ) ;
#1468 = EDGE_CURVE ( 'NONE', #411, #1189, #1779, .T. ) ;
#1469 = CARTESIAN_POINT ( 'NONE',  ( -0.5000000000000000000, 1.399999999999999900, -1.200000000000000000 ) ) ;
#1470 = VECTOR ( 'NONE', #203, 1000.000000000000000 ) ;
#1471 = AXIS2_PLACEMENT_3D ( 'NONE', #1066, #1039, #1191 ) ;
#1472 = ORIENTED_EDGE ( 'NONE', *, *, #1029, .T. ) ;
#1473 = DIRECTION ( 'NONE',  ( -0.0000000000000000000, -0.0000000000000000000, -1.000000000000000000 ) ) ;
#1474 = VERTEX_POINT ( 'NONE', #713 ) ;
#1475 = EDGE_LOOP ( 'NONE', ( #1046, #953, #840, #1431 ) ) ;
#1476 = VERTEX_POINT ( 'NONE', #1695 ) ;
#1477 = DIRECTION ( 'NONE',  ( -0.0000000000000000000, -1.000000000000000000, -0.0000000000000000000 ) ) ;
#1478 = DIRECTION ( 'NONE',  ( 1.000000000000000000, 0.0000000000000000000, 0.0000000000000000000 ) ) ;
#1479 = ORIENTED_EDGE ( 'NONE', *, *, #1119, .F. ) ;
#1480 = CARTESIAN_POINT ( 'NONE',  ( 0.9369013182964971400, 0.8899999999999999000, -0.2124999999999999100 ) ) ;
#1481 = EDGE_CURVE ( 'NONE', #1496, #603, #1367, .T. ) ;
#1482 = DIRECTION ( 'NONE',  ( -0.0000000000000000000, 1.000000000000000000, -0.0000000000000000000 ) ) ;
#1483 = PRESENTATION_STYLE_ASSIGNMENT (( #279 ) ) ;
#1484 = VECTOR ( 'NONE', #425, 1000.000000000000100 ) ;
#1485 = MECHANICAL_DESIGN_GEOMETRIC_PRESENTATION_REPRESENTATION (  '', ( #210 ), #1030 ) ;
#1486 = CARTESIAN_POINT ( 'NONE',  ( -1.209265174683524100, 0.1573674733159582100, 0.7375000000000000400 ) ) ;
#1487 = CARTESIAN_POINT ( 'NONE',  ( -1.095344209295148600, 0.9122676961536098100, -0.7374999999999998200 ) ) ;
#1488 = LINE ( 'NONE', #1002, #1103 ) ;
#1489 = LINE ( 'NONE', #1187, #549 ) ;
#1490 =( NAMED_UNIT ( * ) SI_UNIT ( $, .STERADIAN. ) SOLID_ANGLE_UNIT ( ) );
#1491 = VERTEX_POINT ( 'NONE', #1701 ) ;
#1492 = ORIENTED_EDGE ( 'NONE', *, *, #505, .F. ) ;
#1493 = UNCERTAINTY_MEASURE_WITH_UNIT (LENGTH_MEASURE( 1.000000000000000100E-005 ), #1221, 'distance_accuracy_value', 'NONE');
#1494 = CARTESIAN_POINT ( 'NONE',  ( -0.9468039989839127600, 0.8913917310096005600, 1.162500000000000100 ) ) ;
#1495 = ORIENTED_EDGE ( 'NONE', *, *, #1585, .T. ) ;
#1496 = VERTEX_POINT ( 'NONE', #771 ) ;
#1497 = ORIENTED_EDGE ( 'NONE', *, *, #420, .T. ) ;
#1498 = EDGE_LOOP ( 'NONE', ( #107, #51, #507, #906 ) ) ;
#1499 =( NAMED_UNIT ( * ) PLANE_ANGLE_UNIT ( ) SI_UNIT ( $, .RADIAN. ) );
#1500 = DIRECTION ( 'NONE',  ( 0.1391731009600652700, -0.9902680687415703600, 0.0000000000000000000 ) ) ;
#1501 = DIRECTION ( 'NONE',  ( 0.0000000000000000000, -0.0000000000000000000, -1.000000000000000000 ) ) ;
#1502 = EDGE_CURVE ( 'NONE', #1476, #641, #1503, .T. ) ;
#1503 = LINE ( 'NONE', #527, #829 ) ;
#1504 = EDGE_CURVE ( 'NONE', #5, #773, #918, .T. ) ;
#1505 = CYLINDRICAL_SURFACE ( 'NONE', #497, 0.1599999999999999800 ) ;
#1506 = CYLINDRICAL_SURFACE ( 'NONE', #635, 0.009999999999999918700 ) ;
#1507 = CARTESIAN_POINT ( 'NONE',  ( -1.196191813271375400, 0.007938268602196506300, 0.7375000000000000400 ) ) ;
#1508 = ADVANCED_FACE ( 'NONE', ( #662 ), #401, .F. ) ;
#1509 = SURFACE_SIDE_STYLE ('',( #36 ) ) ;
#1510 = LINE ( 'NONE', #381, #204 ) ;
#1511 = DIRECTION ( 'NONE',  ( 0.0000000000000000000, -0.0000000000000000000, -1.000000000000000000 ) ) ;
#1512 = SURFACE_STYLE_USAGE ( .BOTH. , #113 ) ;
#1513 = LINE ( 'NONE', #1592, #1128 ) ;
#1514 = CARTESIAN_POINT ( 'NONE',  ( -0.5000000000000000000, 1.300000000000000000, -1.099999999999999900 ) ) ;
#1515 = DIRECTION ( 'NONE',  ( 0.0000000000000000000, -0.1391731009600657400, -0.9902680687415703600 ) ) ;
#1516 = ORIENTED_EDGE ( 'NONE', *, *, #146, .T. ) ;
#1517 = ORIENTED_EDGE ( 'NONE', *, *, #760, .T. ) ;
#1518 = AXIS2_PLACEMENT_3D ( 'NONE', #1101, #289, #1706 ) ;
#1519 = ORIENTED_EDGE ( 'NONE', *, *, #298, .T. ) ;
#1520 = CARTESIAN_POINT ( 'NONE',  ( -0.7289188747946412400, 1.050000000000000000, -0.7374999999999998200 ) ) ;
#1521 = CARTESIAN_POINT ( 'NONE',  ( -0.5000000000000000000, 1.300000000000000000, -1.200000000000000000 ) ) ;
#1522 =( NAMED_UNIT ( * ) PLANE_ANGLE_UNIT ( ) SI_UNIT ( $, .RADIAN. ) );
#1523 = DIRECTION ( 'NONE',  ( -0.1391731009600659400, 0.9902680687415702500, 0.0000000000000000000 ) ) ;
#1524 = DIRECTION ( 'NONE',  ( -1.000000000000000000, 0.0000000000000000000, 0.0000000000000000000 ) ) ;
#1525 = VECTOR ( 'NONE', #1175, 1000.000000000000000 ) ;
#1526 = CARTESIAN_POINT ( 'NONE',  ( 1.300000000000000000, 0.1494292047137618700, -0.2124999999999999100 ) ) ;
#1527 = AXIS2_PLACEMENT_3D ( 'NONE', #1685, #573, #17 ) ;
#1528 = DIRECTION ( 'NONE',  ( -0.1391731009600652700, -0.9902680687415703600, 0.0000000000000000000 ) ) ;
#1529 = CARTESIAN_POINT ( 'NONE',  ( -1.210136732111000600, 0.1673294202968756100, 1.162500000000000100 ) ) ;
#1530 = ORIENTED_EDGE ( 'NONE', *, *, #1147, .T. ) ;
#1531 = EDGE_CURVE ( 'NONE', #1245, #1450, #609, .T. ) ;
#1532 = ORIENTED_EDGE ( 'NONE', *, *, #592, .F. ) ;
#1533 = ORIENTED_EDGE ( 'NONE', *, *, #1281, .T. ) ;
#1534 = EDGE_CURVE ( 'NONE', #902, #1491, #745, .T. ) ;
#1535 = ORIENTED_EDGE ( 'NONE', *, *, #1680, .F. ) ;
#1536 = ORIENTED_EDGE ( 'NONE', *, *, #385, .T. ) ;
#1537 = AXIS2_PLACEMENT_3D ( 'NONE', #1076, #1084, #1069 ) ;
#1538 = CARTESIAN_POINT ( 'NONE',  ( -0.9369013182964971400, 0.9000000000000000200, -0.7374999999999998200 ) ) ;
#1539 = VERTEX_POINT ( 'NONE', #1351 ) ;
#1540 = ADVANCED_FACE ( 'NONE', ( #441 ), #657, .T. ) ;
#1541 = LINE ( 'NONE', #421, #806 ) ;
#1542 = PRODUCT_CONTEXT ( 'NONE', #27, 'mechanical' ) ;
#1543 = LINE ( 'NONE', #268, #1160 ) ;
#1544 = FACE_OUTER_BOUND ( 'NONE', #108, .T. ) ;
#1545 = LINE ( 'NONE', #409, #707 ) ;
#1546 = CARTESIAN_POINT ( 'NONE',  ( -1.210136732111000600, 0.1673294202968756100, -1.162499999999999900 ) ) ;
#1547 = UNCERTAINTY_MEASURE_WITH_UNIT (LENGTH_MEASURE( 1.000000000000000100E-005 ), #827, 'distance_accuracy_value', 'NONE');
#1548 = ORIENTED_EDGE ( 'NONE', *, *, #23, .F. ) ;
#1549 = PLANE ( 'NONE',  #1331 ) ;
#1550 = DIRECTION ( 'NONE',  ( 0.0000000000000000000, 0.0000000000000000000, 1.000000000000000000 ) ) ;
#1551 = ADVANCED_FACE ( 'NONE', ( #1580 ), #777, .F. ) ;
#1552 = LINE ( 'NONE', #1301, #405 ) ;
#1553 = PLANE ( 'NONE',  #523 ) ;
#1554 = ORIENTED_EDGE ( 'NONE', *, *, #260, .F. ) ;
#1555 = ORIENTED_EDGE ( 'NONE', *, *, #828, .F. ) ;
#1556 = ORIENTED_EDGE ( 'NONE', *, *, #420, .F. ) ;
#1557 = DIRECTION ( 'NONE',  ( -1.000000000000000000, 0.0000000000000000000, 0.0000000000000000000 ) ) ;
#1558 = EDGE_LOOP ( 'NONE', ( #193, #650, #389, #1406 ) ) ;
#1559 = EDGE_CURVE ( 'NONE', #1205, #1491, #1672, .T. ) ;
#1560 = AXIS2_PLACEMENT_3D ( 'NONE', #372, #500, #1349 ) ;
#1561 = CARTESIAN_POINT ( 'NONE',  ( -0.9468039989839128800, 0.8913917310096005600, -0.7374999999999998200 ) ) ;
#1562 = CARTESIAN_POINT ( 'NONE',  ( 1.300000000000000000, 0.1494292047137618700, -0.2124999999999999100 ) ) ;
#1563 = LINE ( 'NONE', #1763, #464 ) ;
#1564 = CIRCLE ( 'NONE', #1423, 0.01000000000000002600 ) ;
#1565 = EDGE_CURVE ( 'NONE', #1658, #434, #1734, .T. ) ;
#1566 = AXIS2_PLACEMENT_3D ( 'NONE', #101, #374, #93 ) ;
#1567 = CARTESIAN_POINT ( 'NONE',  ( -0.7500000000000000000, 0.9000000000000000200, -1.450000000000000000 ) ) ;
#1568 = FACE_OUTER_BOUND ( 'NONE', #871, .T. ) ;
#1569 = DIRECTION ( 'NONE',  ( -1.000000000000000000, 0.0000000000000000000, 0.0000000000000000000 ) ) ;
#1570 = ORIENTED_EDGE ( 'NONE', *, *, #710, .T. ) ;
#1571 = VERTEX_POINT ( 'NONE', #242 ) ;
#1572 = ORIENTED_EDGE ( 'NONE', *, *, #1170, .T. ) ;
#1573 = ORIENTED_EDGE ( 'NONE', *, *, #1079, .F. ) ;
#1574 = ORIENTED_EDGE ( 'NONE', *, *, #1502, .T. ) ;
#1575 = AXIS2_PLACEMENT_3D ( 'NONE', #16, #1416, #187 ) ;
#1576 = DIRECTION ( 'NONE',  ( -1.000000000000000000, 0.0000000000000000000, 0.0000000000000000000 ) ) ;
#1577 = ORIENTED_EDGE ( 'NONE', *, *, #110, .T. ) ;
#1578 = PRESENTATION_LAYER_ASSIGNMENT (  '', '', ( #40 ) ) ;
#1579 = DIRECTION ( 'NONE',  ( -1.000000000000000000, 0.0000000000000000000, 0.0000000000000000000 ) ) ;
#1580 = FACE_OUTER_BOUND ( 'NONE', #1687, .T. ) ;
#1581 = CARTESIAN_POINT ( 'NONE',  ( -1.095344209295148600, 0.9122676961536098100, -1.162499999999999900 ) ) ;
#1582 = LINE ( 'NONE', #1207, #179 ) ;
#1583 = VECTOR ( 'NONE', #1792, 1000.000000000000000 ) ;
#1584 = CARTESIAN_POINT ( 'NONE',  ( 0.9369013182964971400, 1.050000000000000000, -0.2124999999999999100 ) ) ;
#1585 = EDGE_CURVE ( 'NONE', #258, #1474, #568, .T. ) ;
#1586 = CARTESIAN_POINT ( 'NONE',  ( -1.210136732111000600, 0.1673294202968756100, -0.7374999999999998200 ) ) ;
#1587 = EDGE_CURVE ( 'NONE', #1240, #774, #1204, .T. ) ;
#1588 = CIRCLE ( 'NONE', #870, 0.1600000000000000900 ) ;
#1589 = ORIENTED_EDGE ( 'NONE', *, *, #1412, .F. ) ;
#1590 = PLANE ( 'NONE',  #675 ) ;
#1591 = ORIENTED_EDGE ( 'NONE', *, *, #1777, .T. ) ;
#1592 = CARTESIAN_POINT ( 'NONE',  ( 1.196191813271375400, 0.007938268602196506300, 0.2125000000000001300 ) ) ;
#1593 = ORIENTED_EDGE ( 'NONE', *, *, #995, .T. ) ;
#1594 = DIRECTION ( 'NONE',  ( 0.0000000000000000000, 0.0000000000000000000, 1.000000000000000000 ) ) ;
#1595 = VERTEX_POINT ( 'NONE', #546 ) ;
#1596 = PLANE ( 'NONE',  #821 ) ;
#1597 = AXIS2_PLACEMENT_3D ( 'NONE', #615, #1441, #459 ) ;
#1598 = DIRECTION ( 'NONE',  ( 0.0000000000000000000, 1.000000000000000000, 0.0000000000000000000 ) ) ;
#1599 = VECTOR ( 'NONE', #265, 1000.000000000000100 ) ;
#1600 = LINE ( 'NONE', #333, #1025 ) ;
#1601 = CARTESIAN_POINT ( 'NONE',  ( 0.9369013182964971400, 0.8899999999999999000, 0.2125000000000001300 ) ) ;
#1602 = CYLINDRICAL_SURFACE ( 'NONE', #1028, 0.01000000000000002600 ) ;
#1603 = PLANE ( 'NONE',  #998 ) ;
#1604 = LINE ( 'NONE', #1773, #274 ) ;
#1605 = DIRECTION ( 'NONE',  ( 1.000000000000000000, 0.0000000000000000000, 0.0000000000000000000 ) ) ;
#1606 = FACE_OUTER_BOUND ( 'NONE', #49, .T. ) ;
#1607 = CARTESIAN_POINT ( 'NONE',  ( -0.7289188747946412400, 1.050000000000000000, -0.7374999999999998200 ) ) ;
#1608 = ORIENTED_EDGE ( 'NONE', *, *, #1052, .T. ) ;
#1609 = CARTESIAN_POINT ( 'NONE',  ( -0.9468039989839127600, 0.8913917310096005600, -0.7374999999999998200 ) ) ;
#1610 = VERTEX_POINT ( 'NONE', #282 ) ;
#1611 = ORIENTED_EDGE ( 'NONE', *, *, #353, .F. ) ;
#1612 = CARTESIAN_POINT ( 'NONE',  ( -0.7500000000000000000, 0.9000000000000000200, 1.450000000000000000 ) ) ;
#1613 = ORIENTED_EDGE ( 'NONE', *, *, #1718, .T. ) ;
#1614 = ORIENTED_EDGE ( 'NONE', *, *, #262, .F. ) ;
#1615 = DIRECTION ( 'NONE',  ( -0.9902680687415703600, 0.1391731009600657400, 0.0000000000000000000 ) ) ;
#1616 = EDGE_CURVE ( 'NONE', #1064, #211, #874, .T. ) ;
#1617 = EDGE_CURVE ( 'NONE', #1329, #1205, #117, .T. ) ;
#1618 = CARTESIAN_POINT ( 'NONE',  ( -1.300000000000000000, 0.1494292047137618700, 0.7375000000000000400 ) ) ;
#1619 = VECTOR ( 'NONE', #239, 1000.000000000000000 ) ;
#1620 = FILL_AREA_STYLE_COLOUR ( '', #1741 ) ;
#1621 = LINE ( 'NONE', #457, #1420 ) ;
#1622 = DIRECTION ( 'NONE',  ( -0.9961946980917457700, -0.08715574274765486300, 0.0000000000000000000 ) ) ;
#1623 = DIRECTION ( 'NONE',  ( -0.0000000000000000000, -0.0000000000000000000, -1.000000000000000000 ) ) ;
#1624 =( LENGTH_UNIT ( ) NAMED_UNIT ( * ) SI_UNIT ( .MILLI., .METRE. ) );
#1625 = VECTOR ( 'NONE', #270, 1000.000000000000000 ) ;
#1626 = AXIS2_PLACEMENT_3D ( 'NONE', #295, #801, #940 ) ;
#1627 = ORIENTED_EDGE ( 'NONE', *, *, #1170, .F. ) ;
#1628 = ADVANCED_FACE ( 'NONE', ( #1463 ), #1364, .T. ) ;
#1629 = CARTESIAN_POINT ( 'NONE',  ( -1.095344209295148600, 0.9122676961536098100, 1.162500000000000100 ) ) ;
#1630 = AXIS2_PLACEMENT_3D ( 'NONE', #590, #716, #1433 ) ;
#1631 = CARTESIAN_POINT ( 'NONE',  ( -0.9369013182964971400, 0.8899999999999999000, -0.7374999999999998200 ) ) ;
#1632 = VERTEX_POINT ( 'NONE', #414 ) ;
#1633 = EDGE_LOOP ( 'NONE', ( #1660, #30, #673, #584 ) ) ;
#1634 = ORIENTED_EDGE ( 'NONE', *, *, #478, .F. ) ;
#1635 = CARTESIAN_POINT ( 'NONE',  ( -0.5000000000000000000, 1.017157287525380700, -1.200000000000000000 ) ) ;
#1636 = ORIENTED_EDGE ( 'NONE', *, *, #995, .F. ) ;
#1637 = CARTESIAN_POINT ( 'NONE',  ( 1.200234051423585000, 0.1659376892872747900, -0.2124999999999999100 ) ) ;
#1638 = CARTESIAN_POINT ( 'NONE',  ( -0.9468039989839128800, 0.8913917310096005600, -0.7374999999999998200 ) ) ;
#1639 = CARTESIAN_POINT ( 'NONE',  ( -1.200234051423585000, 0.1659376892872747900, -0.7374999999999998200 ) ) ;
#1640 = ORIENTED_EDGE ( 'NONE', *, *, #1092, .T. ) ;
#1641 = FACE_OUTER_BOUND ( 'NONE', #564, .T. ) ;
#1642 = CARTESIAN_POINT ( 'NONE',  ( -0.6375673322380865900, 0.1000000000000000500, -1.337567332238086500 ) ) ;
#1643 = EDGE_CURVE ( 'NONE', #1021, #331, #849, .T. ) ;
#1644 = STYLED_ITEM ( 'NONE', ( #11 ), #419 ) ;
#1645 = EDGE_LOOP ( 'NONE', ( #779, #865, #1115, #475 ) ) ;
#1646 = LINE ( 'NONE', #642, #900 ) ;
#1647 = FACE_OUTER_BOUND ( 'NONE', #776, .T. ) ;
#1648 = DIRECTION ( 'NONE',  ( 1.000000000000000000, 0.0000000000000000000, -0.0000000000000000000 ) ) ;
#1649 = CARTESIAN_POINT ( 'NONE',  ( -0.7289188747946412400, 1.050000000000000000, -1.162499999999999900 ) ) ;
#1650 = CARTESIAN_POINT ( 'NONE',  ( -0.5000000000000000000, 1.399999999999999900, -1.099999999999999900 ) ) ;
#1651 = ADVANCED_FACE ( 'NONE', ( #627 ), #482, .T. ) ;
#1652 = VECTOR ( 'NONE', #1231, 1000.000000000000000 ) ;
#1653 = DIRECTION ( 'NONE',  ( -1.000000000000000000, 0.0000000000000000000, 0.0000000000000000000 ) ) ;
#1654 = CARTESIAN_POINT ( 'NONE',  ( -0.9369013182964971400, 0.8899999999999999000, 1.162500000000000100 ) ) ;
#1655 = FACE_OUTER_BOUND ( 'NONE', #959, .T. ) ;
#1656 = EDGE_CURVE ( 'NONE', #558, #1285, #292, .T. ) ;
#1657 = APPLICATION_PROTOCOL_DEFINITION ( 'draft international standard', 'automotive_design', 1998, #308 ) ;
#1658 = VERTEX_POINT ( 'NONE', #1106 ) ;
#1659 = CARTESIAN_POINT ( 'NONE',  ( -1.196191813271375400, 0.007938268602196506300, 1.162500000000000100 ) ) ;
#1660 = ORIENTED_EDGE ( 'NONE', *, *, #323, .T. ) ;
#1661 = ORIENTED_EDGE ( 'NONE', *, *, #1014, .T. ) ;
#1662 = ORIENTED_EDGE ( 'NONE', *, *, #769, .F. ) ;
#1663 = CARTESIAN_POINT ( 'NONE',  ( 0.7500000000000000000, 0.9000000000000000200, -1.450000000000000000 ) ) ;
#1664 = ORIENTED_EDGE ( 'NONE', *, *, #1502, .F. ) ;
#1665 = DIRECTION ( 'NONE',  ( 0.1391731009600659400, 0.9902680687415702500, -0.0000000000000000000 ) ) ;
#1666 = ADVANCED_FACE ( 'NONE', ( #1692 ), #1122, .F. ) ;
#1667 = DIRECTION ( 'NONE',  ( -0.0000000000000000000, -0.0000000000000000000, -1.000000000000000000 ) ) ;
#1668 = DIRECTION ( 'NONE',  ( -1.000000000000000000, 0.0000000000000000000, 0.0000000000000000000 ) ) ;
#1669 = CARTESIAN_POINT ( 'NONE',  ( -0.9369013182964971400, 0.8899999999999999000, -0.7374999999999998200 ) ) ;
#1670 = CARTESIAN_POINT ( 'NONE',  ( -1.196191813271375400, 0.007938268602196506300, 0.7375000000000000400 ) ) ;
#1671 = AXIS2_PLACEMENT_3D ( 'NONE', #814, #1222, #1511 ) ;
#1672 = CIRCLE ( 'NONE', #1460, 0.1599999999999997800 ) ;
#1673 = FACE_OUTER_BOUND ( 'NONE', #1790, .T. ) ;
#1674 =( GEOMETRIC_REPRESENTATION_CONTEXT ( 3 ) GLOBAL_UNCERTAINTY_ASSIGNED_CONTEXT ( ( #1493 ) ) GLOBAL_UNIT_ASSIGNED_CONTEXT ( ( #1221, #1214, #128 ) ) REPRESENTATION_CONTEXT ( 'NONE', 'WORKASPACE' ) );
#1675 = CARTESIAN_POINT ( 'NONE',  ( -0.9369013182964971400, 0.8899999999999999000, 0.7375000000000000400 ) ) ;
#1676 = PLANE ( 'NONE',  #1260 ) ;
#1677 = LINE ( 'NONE', #651, #1033 ) ;
#1678 = ORIENTED_EDGE ( 'NONE', *, *, #169, .F. ) ;
#1679 = CARTESIAN_POINT ( 'NONE',  ( -0.9468039989839127600, 0.8913917310096005600, 1.162500000000000100 ) ) ;
#1680 = EDGE_CURVE ( 'NONE', #1062, #773, #1318, .T. ) ;
#1681 = ORIENTED_EDGE ( 'NONE', *, *, #1412, .T. ) ;
#1682 = ADVANCED_FACE ( 'NONE', ( #1298 ), #676, .F. ) ;
#1683 = ORIENTED_EDGE ( 'NONE', *, *, #1120, .T. ) ;
#1684 = EDGE_CURVE ( 'NONE', #1240, #1276, #1543, .T. ) ;
#1685 = CARTESIAN_POINT ( 'NONE',  ( -0.5000000000000000000, 1.017157287525380700, -1.200000000000000000 ) ) ;
#1686 = VERTEX_POINT ( 'NONE', #1094 ) ;
#1687 = EDGE_LOOP ( 'NONE', ( #842, #1090, #1048, #620 ) ) ;
#1688 =( LENGTH_UNIT ( ) NAMED_UNIT ( * ) SI_UNIT ( .MILLI., .METRE. ) );
#1689 = CARTESIAN_POINT ( 'NONE',  ( 0.9369013182964971400, 0.8899999999999999000, -0.2124999999999999100 ) ) ;
#1690 = VECTOR ( 'NONE', #550, 1000.000000000000000 ) ;
#1691 = PLANE ( 'NONE',  #616 ) ;
#1692 = FACE_OUTER_BOUND ( 'NONE', #738, .T. ) ;
#1693 = CIRCLE ( 'NONE', #1045, 0.1600000000000000900 ) ;
#1694 = CYLINDRICAL_SURFACE ( 'NONE', #722, 0.1000000000000000500 ) ;
#1695 = CARTESIAN_POINT ( 'NONE',  ( -1.209265174683524100, 0.1573674733159582100, -0.7374999999999998200 ) ) ;
#1696 = MECHANICAL_DESIGN_GEOMETRIC_PRESENTATION_REPRESENTATION (  '', ( #972 ), #1294 ) ;
#1697 = AXIS2_PLACEMENT_3D ( 'NONE', #1487, #105, #220 ) ;
#1698 = DIRECTION ( 'NONE',  ( -0.1391731009600662200, -0.9902680687415702500, 0.0000000000000000000 ) ) ;
#1699 = VECTOR ( 'NONE', #183, 999.9999999999998900 ) ;
#1700 = CARTESIAN_POINT ( 'NONE',  ( 0.9369013182964971400, 0.9000000000000000200, 0.2125000000000001300 ) ) ;
#1701 = CARTESIAN_POINT ( 'NONE',  ( -1.051693841112349500, 0.1450617241432651800, 0.7375000000000000400 ) ) ;
#1702 = LINE ( 'NONE', #1730, #19 ) ;
#1703 = ORIENTED_EDGE ( 'NONE', *, *, #572, .T. ) ;
#1704 = EDGE_LOOP ( 'NONE', ( #1299, #845, #506, #71 ) ) ;
#1705 = ORIENTED_EDGE ( 'NONE', *, *, #1342, .F. ) ;
#1706 = DIRECTION ( 'NONE',  ( -1.000000000000000000, 0.0000000000000000000, 0.0000000000000000000 ) ) ;
#1707 = ORIENTED_EDGE ( 'NONE', *, *, #831, .T. ) ;
#1708 = DIRECTION ( 'NONE',  ( -1.000000000000000000, 0.0000000000000000000, 0.0000000000000000000 ) ) ;
#1709 = AXIS2_PLACEMENT_3D ( 'NONE', #698, #24, #1250 ) ;
#1710 = ORIENTED_EDGE ( 'NONE', *, *, #672, .T. ) ;
#1711 = ORIENTED_EDGE ( 'NONE', *, *, #1358, .F. ) ;
#1712 = DIRECTION ( 'NONE',  ( -0.0000000000000000000, -0.0000000000000000000, -1.000000000000000000 ) ) ;
#1713 = ORIENTED_EDGE ( 'NONE', *, *, #1443, .F. ) ;
#1714 = CARTESIAN_POINT ( 'NONE',  ( -0.6797295826488041200, 1.399999999999999900, 1.379729582648804100 ) ) ;
#1715 = VECTOR ( 'NONE', #1528, 1000.000000000000000 ) ;
#1716 = LINE ( 'NONE', #213, #1464 ) ;
#1717 = DIRECTION ( 'NONE',  ( -0.0000000000000000000, -0.0000000000000000000, -1.000000000000000000 ) ) ;
#1718 = EDGE_CURVE ( 'NONE', #1571, #601, #1024, .T. ) ;
#1719 = DIRECTION ( 'NONE',  ( -0.1391731009600652700, 0.9902680687415703600, 0.0000000000000000000 ) ) ;
#1720 = CARTESIAN_POINT ( 'NONE',  ( -0.7289188747946412400, 1.050000000000000000, 0.7375000000000000400 ) ) ;
#1721 = EDGE_CURVE ( 'NONE', #774, #365, #540, .T. ) ;
#1722 = AXIS2_PLACEMENT_3D ( 'NONE', #1586, #1305, #1569 ) ;
#1723 = LINE ( 'NONE', #486, #88 ) ;
#1724 = DIRECTION ( 'NONE',  ( 1.000000000000000000, 0.0000000000000000000, 0.0000000000000000000 ) ) ;
#1725 = ORIENTED_EDGE ( 'NONE', *, *, #951, .F. ) ;
#1726 = VERTEX_POINT ( 'NONE', #1386 ) ;
#1727 = ORIENTED_EDGE ( 'NONE', *, *, #672, .F. ) ;
#1728 = ORIENTED_EDGE ( 'NONE', *, *, #625, .F. ) ;
#1729 = AXIS2_PLACEMENT_3D ( 'NONE', #704, #301, #586 ) ;
#1730 = CARTESIAN_POINT ( 'NONE',  ( -0.5000000000000000000, 1.017157287525380700, -1.099999999999999900 ) ) ;
#1731 = AXIS2_PLACEMENT_3D ( 'NONE', #202, #912, #1327 ) ;
#1732 = DIRECTION ( 'NONE',  ( 0.0000000000000000000, -0.0000000000000000000, -1.000000000000000000 ) ) ;
#1733 = CIRCLE ( 'NONE', #1560, 0.009999999999999918700 ) ;
#1734 = LINE ( 'NONE', #1629, #644 ) ;
#1735 = CARTESIAN_POINT ( 'NONE',  ( -0.7289188747946412400, 1.050000000000000000, -0.7374999999999998200 ) ) ;
#1736 = VECTOR ( 'NONE', #1422, 1000.000000000000000 ) ;
#1737 = CIRCLE ( 'NONE', #247, 0.009999999999999918700 ) ;
#1738 = CARTESIAN_POINT ( 'NONE',  ( -0.5000000000000000000, 1.399999999999999900, -1.200000000000000000 ) ) ;
#1739 = EDGE_CURVE ( 'NONE', #408, #1168, #1418, .T. ) ;
#1740 = CARTESIAN_POINT ( 'NONE',  ( 0.6375673322380865900, 0.1000000000000000500, -1.337567332238086500 ) ) ;
#1741 = COLOUR_RGB ( '',1.000000000000000000, 1.000000000000000000, 1.000000000000000000 ) ;
#1742 = LINE ( 'NONE', #630, #1146 ) ;
#1743 =( LENGTH_UNIT ( ) NAMED_UNIT ( * ) SI_UNIT ( .MILLI., .METRE. ) );
#1744 = ORIENTED_EDGE ( 'NONE', *, *, #260, .T. ) ;
#1745 = CARTESIAN_POINT ( 'NONE',  ( -0.9468039989839127600, 0.8913917310096005600, -1.162499999999999900 ) ) ;
#1746 = ORIENTED_EDGE ( 'NONE', *, *, #1776, .T. ) ;
#1747 = EDGE_LOOP ( 'NONE', ( #364, #681, #1086, #256 ) ) ;
#1748 = ORIENTED_EDGE ( 'NONE', *, *, #924, .F. ) ;
#1749 = ORIENTED_EDGE ( 'NONE', *, *, #495, .F. ) ;
#1750 = EDGE_LOOP ( 'NONE', ( #560, #1385, #884, #1089 ) ) ;
#1751 = DIRECTION ( 'NONE',  ( -1.000000000000000000, 0.0000000000000000000, 0.0000000000000000000 ) ) ;
#1752 = EDGE_CURVE ( 'NONE', #211, #1245, #199, .T. ) ;
#1753 = DIRECTION ( 'NONE',  ( 0.1391731009600659400, 0.9902680687415702500, -0.0000000000000000000 ) ) ;
#1754 = DIRECTION ( 'NONE',  ( -0.0000000000000000000, -0.0000000000000000000, -1.000000000000000000 ) ) ;
#1755 = AXIS2_PLACEMENT_3D ( 'NONE', #1469, #1598, #1185 ) ;
#1756 = PRESENTATION_STYLE_ASSIGNMENT (( #643 ) ) ;
#1757 = PLANE ( 'NONE',  #1766 ) ;
#1758 = FACE_OUTER_BOUND ( 'NONE', #461, .T. ) ;
#1759 = VECTOR ( 'NONE', #58, 1000.000000000000200 ) ;
#1760 = PLANE ( 'NONE',  #1755 ) ;
#1761 = CARTESIAN_POINT ( 'NONE',  ( 1.051693841112349500, 0.1450617241432651800, 0.2125000000000001300 ) ) ;
#1762 = AXIS2_PLACEMENT_3D ( 'NONE', #177, #1135, #1708 ) ;
#1763 = CARTESIAN_POINT ( 'NONE',  ( -0.7500000000000000000, 0.9000000000000000200, 1.162500000000000100 ) ) ;
#1764 = LINE ( 'NONE', #84, #359 ) ;
#1765 = LINE ( 'NONE', #66, #452 ) ;
#1766 = AXIS2_PLACEMENT_3D ( 'NONE', #392, #1615, #504 ) ;
#1767 = DIRECTION ( 'NONE',  ( 0.0000000000000000000, 0.0000000000000000000, 1.000000000000000000 ) ) ;
#1768 = ORIENTED_EDGE ( 'NONE', *, *, #592, .T. ) ;
#1769 = ORIENTED_EDGE ( 'NONE', *, *, #1208, .F. ) ;
#1770 = VERTEX_POINT ( 'NONE', #1258 ) ;
#1771 = EDGE_LOOP ( 'NONE', ( #908, #1570, #1495, #208 ) ) ;
#1772 = ORIENTED_EDGE ( 'NONE', *, *, #198, .T. ) ;
#1773 = CARTESIAN_POINT ( 'NONE',  ( 1.095344209295148600, 0.9122676961536098100, -0.2124999999999999100 ) ) ;
#1774 = ADVANCED_FACE ( 'NONE', ( #1758 ), #1100, .F. ) ;
#1775 = CARTESIAN_POINT ( 'NONE',  ( -0.7500000000000000000, 0.9000000000000000200, 1.450000000000000000 ) ) ;
#1776 = EDGE_CURVE ( 'NONE', #253, #975, #519, .T. ) ;
#1777 = EDGE_CURVE ( 'NONE', #1093, #1595, #266, .T. ) ;
#1778 = LINE ( 'NONE', #682, #726 ) ;
#1779 = LINE ( 'NONE', #994, #163 ) ;
#1780 = LINE ( 'NONE', #602, #1395 ) ;
#1781 = LINE ( 'NONE', #1670, #1484 ) ;
#1782 = ADVANCED_FACE ( 'NONE', ( #396 ), #440, .F. ) ;
#1783 = CARTESIAN_POINT ( 'NONE',  ( 0.7500000000000000000, 0.9000000000000000200, 1.450000000000000000 ) ) ;
#1784 = FACE_OUTER_BOUND ( 'NONE', #303, .T. ) ;
#1785 = AXIS2_PLACEMENT_3D ( 'NONE', #445, #579, #838 ) ;
#1786 = DIRECTION ( 'NONE',  ( 0.0000000000000000000, -0.0000000000000000000, -1.000000000000000000 ) ) ;
#1787 = CIRCLE ( 'NONE', #29, 0.1599999999999997800 ) ;
#1788 = CARTESIAN_POINT ( 'NONE',  ( -1.210136732111000600, 0.1673294202968756100, -0.7374999999999998200 ) ) ;
#1789 = DIRECTION ( 'NONE',  ( -0.9902680687415702500, 0.1391731009600659400, 0.0000000000000000000 ) ) ;
#1790 = EDGE_LOOP ( 'NONE', ( #1614, #207, #1268, #581 ) ) ;
#1791 = ORIENTED_EDGE ( 'NONE', *, *, #1462, .F. ) ;
#1792 = DIRECTION ( 'NONE',  ( -0.0000000000000000000, -0.0000000000000000000, -1.000000000000000000 ) ) ;
ENDSEC;
END-ISO-10303-21;
